ind,vm
1,1.0999997658023766
10,1.071734110281605
11,1.0996420215965574
12,1.0999927071611952
13,1.0832513836707631
14,1.0832566780842516
2,1.0988221476996307
3,1.0158422780956167
4,1.0158402898772843
5,1.000539914430982
6,1.0005393506108924
7,1.0960629971568419
8,1.0999999315906368
9,1.0717304202207494
