ind,vm
1,1.099988216147832
10,1.1000000095180384
11,1.0976999613530596
12,1.0999998718824553
13,1.0995949286892395
14,1.0999984332618944
2,1.0998144079293208
3,1.0999986035414728
4,1.0998207443576546
5,1.0000000144844916
6,1.0000000084027711
7,1.0758776534452388
8,1.1000000107034646
9,1.094207767921907
