ind,vm
1,1.0999999262946838
10,1.0999986563899486
11,1.099353436752816
12,1.0999993069608267
13,1.0998850869357049
14,1.0999916979385613
2,1.0988424805420633
3,1.0434535147919035
4,1.0434514221500575
5,1.0000213554198691
6,1.0000212910925728
7,1.0925932135558958
8,1.1000000035246067
9,1.0997562844668818
