ind,vm
1,1.097818205835433
10,1.0987196311899168
11,1.096693291312729
12,1.0999999952374717
13,1.0982397457743027
14,1.0999999529105244
2,1.0999999635290936
3,1.0999880432941156
4,1.099903637693614
5,1.013700711838226
6,1.01370354243879
7,1.0893945306434216
8,1.1000000093469189
9,1.09872655994954
