ind,vm
1,1.0999928969317796
10,1.099999982956059
11,1.0979237757662421
12,1.0999999473975626
13,1.0997522834459004
14,1.0999985652881985
2,1.099863881614501
3,1.0404599166721322
4,1.0404579760918407
5,1.0017910348316579
6,1.0017904393622568
7,1.0861328775734165
8,1.1000000089227016
9,1.098347919232135
