ind,vm
1,1.0999999443886967
10,1.099989053296257
11,1.0991910331122965
12,1.0999998485253657
13,1.099856516386081
14,1.099998418208568
2,1.0992163198867633
3,1.0942255743104508
4,1.0942203798379206
5,1.0812413967428989
6,1.0812459875542486
7,1.0955812189409533
8,1.1000000032972597
9,1.0999337225364763
