ind,vm
1,1.099400841569909
10,1.1000000082362118
11,1.0966321261939984
12,1.0999999712528028
13,1.0991844190956728
14,1.0999996385749533
2,1.0999991274578076
3,1.0999924412740725
4,1.0998902680611993
5,1.0002347766992032
6,1.0002344101816125
7,1.0758776533880527
8,1.100000010647307
9,1.096450265288551
