ind,vm
1,1.099999916376942
10,1.0998536234077438
11,1.0994406613050578
12,1.0999990678062934
13,1.0998498908775896
14,1.0999957945955432
2,1.0989104081164456
3,1.085400369433626
4,1.08539507270211
5,1.0496046275022917
6,1.0496085886439344
7,1.0968581347399353
8,1.0999999687695032
9,1.099822232732636
