ind,vm
1,1.0998269468845912
10,1.0970222755652952
11,1.0970101605801683
12,1.0999999792538933
13,1.0993689617765492
14,1.0999997972168443
2,1.0999961206239413
3,1.0999300946138357
4,1.099878500613865
5,1.0000858721788628
6,1.0000857437128947
7,1.0845086507342891
8,1.1000000098225107
9,1.0970292149558223
