ind,vm
1,1.098734740461543
10,1.0915325990344913
11,1.097838321900594
12,1.0999999699119514
13,1.098502567769
14,1.0999999927885966
2,1.0999999790126005
3,1.099456880925781
4,1.099411206881413
5,1.0976351545689744
6,1.0976688374808474
7,1.0881532203074016
8,1.100000002483114
9,1.0915395734073168
