ind,vm
1,1.0999999598047911
10,1.0999585137747554
11,1.0992544145128544
12,1.0999994826431094
13,1.0998515043805968
14,1.099995696149119
2,1.0985195689851066
3,1.0791124965068812
4,1.079108188639625
5,1.0380162057177789
6,1.0380193276386154
7,1.0964731762401771
8,1.0999999775205649
9,1.099905997087141
