ind,vm
1,1.0999996191719386
10,1.0901527277493324
11,1.0998279285627222
12,1.0999875391892442
13,1.0998815189952995
14,1.0999924084065396
2,1.099460556711821
3,1.0837959942015127
4,1.08379101990262
5,1.0000068232506132
6,1.0000067868929043
7,1.0961747442029464
8,1.0999999825939208
9,1.0901488227747747
