ind,vm
1,1.09999990058451
10,1.0999990900425576
11,1.0993391350670276
12,1.0999993373335777
13,1.0997691611433829
14,1.0999983447153998
2,1.0989928216124343
3,1.0978789549881751
4,1.09786472313634
5,1.0617149168566244
6,1.061719583132532
7,1.0962794574464094
8,1.099999980945536
9,1.0997060619716925
