ind,vm
1,1.0999996720666483
10,1.0184254226800367
11,1.0996420214123979
12,1.099992706976138
13,1.0991018980541427
14,1.0991261478062364
2,1.0989987771262024
3,1.0927628290679832
4,1.0927495999139407
5,1.001688603473384
6,1.0016876039881202
7,1.0963528341764626
8,1.0999999183165436
9,1.0184267135861846
