ind,vm
1,1.0998019047382777
10,1.0971923790067286
11,1.096859535265318
12,1.0999999296651883
13,1.0992369942917595
14,1.0999995846798436
2,1.0999907126830297
3,1.0999973835779988
4,1.099862251528772
5,1.000047894387547
6,1.0000480589700467
7,1.0758776534453498
8,1.1000000107035734
9,1.097199317367868
