ind,vm
1,1.0999993027551758
10,1.099999848995185
11,1.0973917342168087
12,1.0999998895824779
13,1.0995306473176332
14,1.0999988776198055
2,1.0993317426753675
3,1.0164061231722246
4,1.0164081081445686
5,1.005505073272948
6,1.0055032722051949
7,1.0928938854994064
8,1.09999998688358
9,1.0988100320288718
