ind,vm
1,1.0999996396249756
10,1.0431296339148013
11,1.0973868083700866
12,1.0973611705223372
13,1.0996166565796037
14,1.099654548356561
2,1.0990443559696137
3,1.0158258111217702
4,1.0158238228641985
5,1.0009690015943202
6,1.0009682414276386
7,1.095857556278248
8,1.09999993927186
9,1.0431274532337984
