ind,vm
1,1.099999913696143
10,1.0999608212550207
11,1.099056441236672
12,1.0999996820615805
13,1.0998655997317683
14,1.0999945226614427
2,1.0989242450343748
3,1.0808646820059415
4,1.0808601432542715
5,1.054011763755041
6,1.0540160185790048
7,1.0966269642516495
8,1.0999999743870623
9,1.099906575997296
