ind,vm
1,1.0999999468869377
10,1.099999970260525
11,1.0986181405698447
12,1.0999999575587014
13,1.0998722504356508
14,1.099997968344635
2,1.0992003506534398
3,1.0972404169185705
4,1.0972329736434892
5,1.080735973294304
6,1.0807405662727456
7,1.0914976495329203
8,1.1000000089510042
9,1.0991671421988427
