ind,vm
1,1.0999999272277452
10,1.099987717940062
11,1.0997093677068859
12,1.0999963937613495
13,1.099911089404373
14,1.0999735443608212
2,1.098835625530728
3,1.0684144702912348
4,1.0684108673431139
5,1.0000396230385369
6,1.0000394809489606
7,1.0937908140184025
8,1.1000000003375732
9,1.0998991506464557
