ind,vm
1,1.0979886249407125
10,1.1000000014875717
11,1.0969972712349754
12,1.0999999900841237
13,1.0986459157300856
14,1.099999968568205
2,1.0999999866179435
3,1.099997271411681
4,1.099880521866836
5,1.0000004378772682
6,1.0000004302641738
7,1.0868553241563172
8,1.1000000104787653
9,1.098671445792495
