ind,vm
1,1.0999997172016338
10,1.0995200378782684
11,1.0993982949920607
12,1.099997577507327
13,1.0998405589027007
14,1.0999869151787793
2,1.0989352098654095
3,1.0004948884114382
4,1.0004952344600406
5,1.0303523866363855
6,1.030357189920008
7,1.097016082199603
8,1.0999998720295283
9,1.0994892154932139
