ind,vm
1,1.0990630904629073
10,1.0970429100095305
11,1.0973412096423076
12,1.0999999941460148
13,1.0985518334385331
14,1.0999999945864345
2,1.0999999621674368
3,1.0973996325368194
4,1.0973875814872907
5,1.0644186778726918
6,1.0644233421383924
7,1.0860031791851477
8,1.1000000089992081
9,1.0970498493561955
