ind,vm
1,1.0999984707176396
10,1.0980204681820331
11,1.0997988175655418
12,1.0999584326302665
13,1.09986436201035
14,1.0999744844265857
2,1.0995294567928382
3,1.0157859531163194
4,1.0157839648400149
5,1.000224410464641
6,1.0002240471295716
7,1.0962566194907226
8,1.099999922991107
9,1.0980051373949735
