ind,vm
1,1.0999998482341353
10,1.0999966810721853
11,1.0993329815959092
12,1.0999980383985601
13,1.0998555398155327
14,1.0999301440387967
2,1.0985574882863818
3,1.0943107666557677
4,1.0942961138314433
5,1.0001235260074999
6,1.0001232601288692
7,1.0924626792751895
8,1.0999999896019748
9,1.0997296636620308
