ind,vm
1,1.099999800792935
10,1.0999997207873975
11,1.0980067569971477
12,1.099999938125506
13,1.0998560337993866
14,1.0999953546581196
2,1.0992669688181065
3,1.095588512487887
4,1.0955787798910177
5,1.0449989555278487
6,1.0450026768232883
7,1.0928041113233913
8,1.1000000030731396
9,1.0994793188066405
