ind,vm
1,1.0999956777045397
10,1.0999998431821412
11,1.0978186150447111
12,1.0999998371557271
13,1.0998204371470064
14,1.0999905739751823
2,1.0997154113765228
3,1.016529714143723
4,1.0165316993779734
5,1.0079301723071044
6,1.007927990983517
7,1.0897715469080478
8,1.0999999995023955
9,1.0988305369574258
