ind,vm
1,1.044443191128778
10,1.0998235935377405
11,1.0996420492537446
12,1.0999927350523462
13,1.0996034089839775
14,1.099998357460172
2,1.044445832808985
3,1.016003872238955
4,1.0160018841477878
5,1.0002844778861337
6,1.0002848820363113
7,1.09468127670512
8,1.099999967714825
9,1.0997747696306155
