ind,vm
1,1.0442919335043486
10,1.099438696687174
11,1.099642025707299
12,1.0999927112933683
13,1.0997363449101212
14,1.0999961228852595
2,1.0442892917075723
3,1.0158580413999079
4,1.0158560532599357
5,1.0000707731231466
6,1.0000709752823367
7,1.0956863240384207
8,1.0999999449407187
9,1.099410085929077
