ind,vm
1,1.09959088409785
10,1.1000000106310095
11,1.097146836048033
12,1.0999999855248956
13,1.0992239214297277
14,1.0999998724570494
2,1.0999993694312702
3,1.099998927290686
4,1.0998480765443361
5,1.0000030331866232
6,1.0000030014974597
7,1.0758776536454127
8,1.1000000108999712
9,1.094207769040378
