ind,vm
1,1.0977376654555484
10,1.0999999984305058
11,1.099759167507691
12,1.0999979553884338
13,1.0981084007300526
14,1.0999999737651294
2,1.0999999782730618
3,1.0999575065400342
4,1.0998319339434786
5,1.0108211974582073
6,1.0108230666658706
7,1.0881204034825864
8,1.1000000025313241
9,1.0958969707318313
