ind,vm
1,1.0980004590339456
10,1.098727555125941
11,1.096907185059145
12,1.099999994685865
13,1.098231543532118
14,1.0999999553714992
2,1.099999956423678
3,1.0999877053813567
4,1.0999046248414652
5,1.0149485729686747
6,1.0149515344528153
7,1.0838293300585276
8,1.1000000102589649
9,1.098734483836172
