ind,vm
1,1.0999999299847878
10,1.0999994510406446
11,1.0993286930873627
12,1.0999997746480068
13,1.0998787190093453
14,1.0999977236772895
2,1.0992878748512902
3,1.0973783572106763
4,1.0973706850848348
5,1.0808551648780953
6,1.080859758057558
7,1.0913865029754994
8,1.1000000090075854
9,1.0997726267794692
