ind,vm
1,1.0999988083000538
10,1.0999996544457133
11,1.0982985043930786
12,1.0999999106337954
13,1.0998238167368233
14,1.0999970459116268
2,1.099691620368082
3,1.0955924836916766
4,1.0955827204846527
5,1.0258386792370127
6,1.0258362857392354
7,1.0909143677956707
8,1.1000000060156618
9,1.099530449176356
