ind,vm
1,1.0999997650436304
10,1.0998143510628717
11,1.0990887422176383
12,1.0999989622084831
13,1.0998342357782511
14,1.099988301253347
2,1.0988378161050556
3,1.0968428891399624
4,1.09682254846721
5,1.0098820719973602
6,1.0098846977065226
7,1.0968313124231661
8,1.09999988759861
9,1.0997666297581299
