ind,vm
1,1.0999999070336444
10,1.099999234967501
11,1.099411784862065
12,1.0999997027594888
13,1.099841733770046
14,1.099998711782722
2,1.0993723706605285
3,1.0976940973363893
4,1.097685935620215
5,1.0808311732623637
6,1.0808357662845445
7,1.0905785310234568
8,1.1000000093399869
9,1.099806368032746
