ind,vm
1,1.0977373234202168
10,1.1000000064857145
11,1.099638105456799
12,1.0999993876769572
13,1.0978863209708878
14,1.1000000051091798
2,1.1000000045822182
3,1.099990802207582
4,1.0998752030676215
5,1.0012053969009873
6,1.0012056734822583
7,1.0758776530982848
8,1.1000000103626184
9,1.0942077648760087
