ind,vm
1,1.0995362049933857
10,1.1000000003547974
11,1.0995165189774685
12,1.0999996076622758
13,1.099305505301033
14,1.0999999472811914
2,1.099999827246712
3,1.0969332012241866
4,1.0969261624175748
5,1.0027837986771024
6,1.0027842401013514
7,1.0921949581420916
8,1.1000000085674135
9,1.0983854254132734
