ind,vm
1,1.099999955763126
10,1.0999144613338097
11,1.09942532997946
12,1.09999911794299
13,1.0997976437602088
14,1.0999978209674373
2,1.0985772310296456
3,1.0854742504851125
4,1.0854689472364827
5,1.0450285595316073
6,1.045032102778184
7,1.0966730352937684
8,1.0999999733519492
9,1.0998749050159917
