ind,vm
1,1.0999824551983346
10,1.099999925868171
11,1.097923650675638
12,1.0999998223003569
13,1.0997582689672287
14,1.0999953185953228
2,1.0998373365560454
3,1.0169290878318524
4,1.0169310721557434
5,1.0052814208756262
6,1.0052796537297548
7,1.0861834357578353
8,1.1000000047925633
9,1.0983665399094658
