ind,vm
1,1.0977380019048706
10,1.1000000099101337
11,1.097434871651387
12,1.0999999915549872
13,1.097638335681118
14,1.0999999818468513
2,1.0999999717005984
3,1.0999746632496958
4,1.0999119664022763
5,1.0343706641578863
6,1.034375462262508
7,1.092420637499803
8,1.1000000077184384
9,1.0942077683159277
