ind,vm
1,1.0999995475886841
10,1.0933167286051682
11,1.0996468969929822
12,1.099997580791894
13,1.0998741175575006
14,1.0999935456517904
2,1.0995043399479225
3,1.0838408559491508
4,1.083835870248227
5,1.000081271960359
6,1.000081144991103
7,1.0962662451634968
8,1.0999999811709744
9,1.0933119450569957
