ind,vm
1,1.099999866517394
10,1.099999998224045
11,1.0998002200835533
12,1.0999974470432479
13,1.0997459101617195
14,1.09999951911212
2,1.099469039373546
3,1.0716144361374338
4,1.0716125519598159
5,1.000002492036858
6,1.0000025044623018
7,1.0852793183266596
8,1.1000000103337817
9,1.0985239323241838
