ind,vm
1,1.099999940637545
10,1.096910794689384
11,1.099407200259441
12,1.0999991082395266
13,1.099869119916374
14,1.0999936404909663
2,1.0986900771779302
3,1.0019387983682368
4,1.0019392120483048
5,1.002070973635875
6,1.0020716934440737
7,1.0969516841368627
8,1.0999999626038495
9,1.0969034294165547
