ind,vm
1,1.0999997807321424
10,1.099999955977207
11,1.0973918141950045
12,1.099999970078806
13,1.0995288684033384
14,1.0999996334662012
2,1.0993197719363017
3,1.0751146583316937
4,1.075110867198936
5,1.002729618835135
6,1.0027289118204814
7,1.0929995093558056
8,1.1000000026176853
9,1.0988144515285283
