ind,vm
1,1.0999998273289646
10,1.099997148890988
11,1.0993375091374844
12,1.0999980108892646
13,1.0998643296757202
14,1.099948792579674
2,1.098643062597932
3,1.092294634620885
4,1.0922821692498998
5,1.0000280240988813
6,1.0000278978045523
7,1.0918292291394756
8,1.0999999928377646
9,1.0997095527114586
