ind,vm
1,1.0999993254437108
10,1.0999941965643418
11,1.0995391694095487
12,1.0999986145712553
13,1.0997910173311696
14,1.0999979518142258
2,1.0995938390997024
3,1.0937096288079409
4,1.0937014991367786
5,1.0445283177846805
6,1.0445320176411554
7,1.0918768403662567
8,1.1000000048130278
9,1.0998755254875756
