ind,vm
1,1.0999995108229392
10,1.0999570717194933
11,1.0992314136448624
12,1.0999985313036469
13,1.0998278111290583
14,1.0999895034970857
2,1.0991831727166383
3,1.0161732662666805
4,1.0161752519047291
5,1.0299389413808488
6,1.029943752525234
7,1.091190140386969
8,1.099999995440039
9,1.0998716815036156
