ind,vm
1,1.0997593178689828
10,1.09288644848483
11,1.0970100923532222
12,1.0999999170969668
13,1.0994101981249476
14,1.0999992814590365
2,1.0998148979279632
3,1.0999730967784427
4,1.0998884382516976
5,1.0000948216878216
6,1.0000945888618775
7,1.0845086500708891
8,1.100000009168682
9,1.092893414135776
