ind,vm
1,1.0994012939246585
10,1.1000000067935947
11,1.0974678667194064
12,1.099999967006519
13,1.0987970412732406
14,1.0999999571713597
2,1.0999997353982855
3,1.0999996523575275
4,1.0998070736777874
5,1.0000752509644035
6,1.0000753704111907
7,1.075877653645554
8,1.1000000109001102
9,1.0966400480502811
