ind,vm
1,1.0998925091481153
10,1.1000000106210488
11,1.0976096843302132
12,1.1000000018637042
13,1.0995207012859678
14,1.0999996350367223
2,1.0999853295068893
3,1.0854356565869905
4,1.0854337964170808
5,1.0005667905099982
6,1.0005664570322308
7,1.0861782049367492
8,1.1000000106374301
9,1.0942077690303682
