ind,vm
1,1.0999993428448456
10,1.1000000087432993
11,1.0973733635215654
12,1.0999999103479348
13,1.0998344062899295
14,1.0999883888804833
2,1.0992925994230573
3,1.0999843294043898
4,1.0998928942352175
5,1.0059796427487233
6,1.0059777408414834
7,1.0758776531810106
8,1.1000000104439196
9,1.0953492198097534
