ind,vm
1,1.0999994897846515
10,1.0999997959874577
11,1.0996987205746007
12,1.0999901531841623
13,1.0998032382001284
14,1.099992502352302
2,1.0991983268766568
3,1.0977154306188646
4,1.0976932884384747
5,1.0002111850059034
6,1.0002108373402836
7,1.0860296777819423
8,1.100000004932578
9,1.098965824634664
