ind,vm
1,1.0999975038610876
10,1.1000000078200631
11,1.098251933288665
12,1.099999753146513
13,1.0997336018530508
14,1.099996215897697
2,1.0996324629325345
3,1.09999657969645
4,1.0998622547001788
5,1.0015067882438602
6,1.0015058449788947
7,1.0758776533713925
8,1.1000000106309449
9,1.094207766215832
