ind,vm
1,1.098852214028247
10,1.0970541255740145
11,1.0975418759768507
12,1.0999999961723375
13,1.0984902943620645
14,1.1000000003219648
2,1.0999999878125724
3,0.9006784916978509
4,0.900680729689645
5,1.0045942266268095
6,1.0045991267072714
7,1.0832557932419271
8,1.1000000096749818
9,1.0970610648489987
