ind,vm
1,1.0999996952768718
10,1.0999978293337944
11,1.097785969636001
12,1.0999998359909604
13,1.0998474759674062
14,1.0999848487004833
2,1.0989682437365158
3,1.0993834264073594
4,1.099339425319121
5,1.0000582755484642
6,1.0000580930730714
7,1.09117393239959
8,1.0999999954749624
9,1.0996693318396848
