ind,vm
1,1.099999444176437
10,1.0999997325219446
11,1.0985147165261733
12,1.09999962435646
13,1.0998661538950745
14,1.0999718452939784
2,1.0992298818636808
3,1.0996103446713905
4,1.0995579529916308
5,1.0296124377843985
6,1.0296172516437443
7,1.0851518265901083
8,1.1000000056496597
9,1.0990898364925141
