ind,vm
1,1.0998477909952211
10,1.099999743452761
11,1.0994272197322876
12,1.0999974918107562
13,1.0995059826194142
14,1.0999989577574831
2,1.0999775696359577
3,1.0161684242651943
4,1.0161704101495896
5,1.0024717881938219
6,1.0024729801968948
7,1.0936857107745346
8,1.0999999804334213
9,1.0990720054384182
