ind,vm
1,1.0999999233900217
10,1.0967293179634643
11,1.0996468956345096
12,1.0999975794260906
13,1.0995929761497172
14,1.0996140629174935
2,1.098857304917481
3,1.0844627464861032
4,1.084457650445751
5,1.0003076939625188
6,1.0003074465319133
7,1.0963766691181076
8,1.0999999793243238
9,1.0967362372796499
