ind,vm
1,1.0977380948664457
10,1.1000000011163098
11,1.097130594657328
12,1.099999999564232
13,1.0979650651616626
14,1.0999999943175625
2,1.0999999941596235
3,1.0999971366682266
4,1.0998827531748718
5,1.0011606386674072
6,1.001161176545888
7,1.0881168244891524
8,1.1000000103650767
9,1.09868838854935
