ind,vm
1,1.0999999148038004
10,1.0962989485930978
11,1.0996468958273289
12,1.099997579619904
13,1.0993382000824228
14,1.0993546114032016
2,1.0989087002118545
3,1.084489911856285
4,1.0844848105746119
5,1.0000181770829537
6,1.0000181176626675
7,1.0963373320991745
8,1.0999999799941516
9,1.0963054439886246
