ind,vm
1,1.0992738748263733
10,1.100000000560265
11,1.0973269268403443
12,1.099999894849171
13,1.098754711555954
14,1.0999998629710614
2,1.0999994589418005
3,1.099998544610237
4,1.0998288429486383
5,1.0002678266669476
6,1.0002682448618063
7,1.0758776534451353
8,1.100000010703363
9,1.0962326294932214
