ind,vm
1,1.097737291565558
10,1.100000004978322
11,1.0994871981777772
12,1.0999997168656737
13,1.0976821196180566
14,1.100000006144079
2,1.1000000046740308
3,1.0999862470578543
4,1.0998214974952436
5,1.0006418427928507
6,1.0006420357225103
7,1.0758776518934612
8,1.100000009137591
9,1.0942281263436335
