ind,vm
1,1.0999985581905252
10,1.0999566860312133
11,1.0996039275084821
12,1.0999942011514028
13,1.0998144871584372
14,1.099991330738851
2,1.099518153005167
3,1.0161391870263765
4,1.0161411729873715
5,1.029446512363973
6,1.0294513286829325
7,1.0917621532294772
8,1.0999999931763857
9,1.0998714209472282
