ind,vm
1,1.0992647173913779
10,1.1000000074370428
11,1.097327019876876
12,1.0999999714271709
13,1.0987593107031293
14,1.099999960743373
2,1.099999829734027
3,1.0999995450464497
4,1.0998232194440796
5,1.0000862891677136
6,1.0000864460265646
7,1.075877653645474
8,1.1000000109000316
9,1.0962326363920794
