ind,vm
1,1.0999998704962943
10,1.0987557326646367
11,1.0993420815874164
12,1.0999979825146566
13,1.0997942881384353
14,1.0999933429791808
2,1.0984716407441157
3,1.0156755254418246
4,1.0156775126493838
5,1.0306430084612082
6,1.0306477948167936
7,1.0968248503219755
8,1.09999988833658
9,1.0987364250860254
