ind,vm
1,1.0992998219430785
10,1.0999999944749246
11,1.097437332510568
12,1.09999993489604
13,1.098503179503586
14,1.099999922935906
2,1.0999995086427954
3,1.0668289598212184
4,1.0668270671845321
5,1.0111199131107207
6,1.0111224691587521
7,1.096541744038136
8,1.0999999970331185
9,1.097388242563795
