ind,vm
1,1.0996798793196492
10,1.1000000098867828
11,1.0975593034489624
12,1.0999999644927387
13,1.099182126405635
14,1.0999998867238896
2,1.0999989637085543
3,1.0999996842200146
4,1.099795936490226
5,1.0001231565500674
6,1.0001233404371979
7,1.0758776536454526
8,1.1000000109000105
9,1.0942077682925921
