ind,vm
1,1.0998988193707706
10,1.0999999170408716
11,1.0994288919353752
12,1.0999991631952082
13,1.0995241168122296
14,1.0999996294418373
2,1.0999775697838823
3,1.058169416342994
4,1.0581667044836844
5,1.0007001385928167
6,1.0007005057130196
7,1.093746852136004
8,1.1000000004844492
9,1.099090749881718
