ind,vm
1,1.0999996912620797
10,1.1000000030651682
11,1.096855697253459
12,1.0999999862960357
13,1.0997998098178652
14,1.0999977626455406
2,1.09940726902007
3,1.0411687140004031
4,1.0411667747167364
5,1.0538559980078228
6,1.0538600804969813
7,1.0881306495131748
8,1.1000000081395092
9,1.0970682375385286
