ind,vm
1,1.099538984641597
10,1.0999999236603353
11,1.0995136044585827
12,1.0999966943840398
13,1.0993058848495294
14,1.0999994883904913
2,1.0999984770669737
3,1.0162558132673787
4,1.0162577903602523
5,1.0098597131616902
6,1.0098621035234288
7,1.0920961345990075
8,1.0999999916145453
9,1.098388143059641
