ind,vm
1,1.097738063305543
10,1.0986670830369674
11,1.0969329751872732
12,1.0999999727530112
13,1.0985320619124026
14,1.09999990618318
2,1.0999999553425264
3,1.099987357695469
4,1.0999034235095704
5,1.0001008260021902
6,1.0001005855171563
7,1.0852337269500307
8,1.1000000100884368
9,1.0986740121132461
