ind,vm
1,1.0999994467621013
10,1.0999994099031467
11,1.0988062579278466
12,1.099999806075546
13,1.0998402216945236
14,1.0999963378046913
2,1.0995515600753234
3,1.0392676223278259
4,1.0392656791019672
5,1.0590218325086826
6,1.0590265181590575
7,1.0917481635947364
8,1.1000000049978316
9,1.0996368217857626
