ind,vm
1,1.099999828903177
10,1.0965409504638683
11,1.0993193132470094
12,1.0999993279365825
13,1.0996519853271494
14,1.099999248875581
2,1.0991979184524703
3,1.0363286474075657
4,1.0363305954777466
5,1.0165210711919102
6,1.0165191486147338
7,1.0955823978771952
8,1.0999999881730902
9,1.0965478928801164
