ind,vm
1,1.0999995842593078
10,1.0998438721110713
11,1.0992856077108943
12,1.0999982949672902
13,1.0998287770301425
14,1.0999893275760673
2,1.099115654893711
3,1.0156569292886894
4,1.0156589162264087
5,1.0305732128531517
6,1.0305684157067179
7,1.0966605841721897
8,1.0999999001946512
9,1.0997924561747807
