ind,vm
1,1.097738030287796
10,1.1000000106327257
11,1.0974348845020263
12,1.100000004377855
13,1.097638587995419
14,1.1000000009997213
2,1.0999999974860626
3,1.0859275657214715
4,1.085925706391398
5,1.0154787120328543
6,1.0154804699728415
7,1.092420639688318
8,1.1000000098933511
9,1.0942077690421028
