ind,vm
1,1.099141818786228
10,1.0914936331298073
11,1.09691004180458
12,1.099999941475059
13,1.0988093158748187
14,1.0999998469344898
2,1.099999604808885
3,1.0999936878545102
4,1.099896221497898
5,1.0000127048487184
6,1.000012558359362
7,1.0758776534402859
8,1.1000000106986434
9,1.0915006074157179
