ind,vm
1,1.0991109468335474
10,1.0988677658216417
11,1.0972450197271881
12,1.0999999994269347
13,1.098584070966263
14,1.0999999979915738
2,1.0999999700397647
3,1.0899500255355583
4,1.0899463967912764
5,1.0073750891291824
6,1.0073758066597183
7,1.088282730307445
8,1.100000009973542
9,1.09887469351665
