ind,vm
1,1.0999998335919545
10,1.079175081801889
11,1.099646711161177
12,1.0999973950282416
13,1.0998622341344333
14,1.099903043659302
2,1.0991670916562102
3,1.0364383635745482
4,1.036436415268713
5,1.005644546069932
6,1.0056434400699168
7,1.0962795185395018
8,1.099999978682226
9,1.07917241675251
