ind,vm
1,1.0977380182501197
10,1.1000000079603067
11,1.0972171647945264
12,1.1000000049627114
13,1.0976036024769487
14,1.1000000021488157
2,1.099999998836275
3,1.0857389794885852
4,1.0857371198367591
5,1.0636634258889934
6,1.0636680931909936
7,1.0902610622772169
8,1.1000000103136642
9,1.0980835108408438
