ind,vm
1,1.0999997648071356
10,1.0999999395473818
11,1.09970532716732
12,1.0999967580536036
13,1.0997737114081905
14,1.0999982688034322
2,1.099324086572293
3,1.0694298385909522
4,1.069425006281487
5,1.0000023570428673
6,1.000002325962286
7,1.086294856893764
8,1.1000000088717852
9,1.0989586020537798
