ind,vm
1,1.0978845679918268
10,1.0999999867990986
11,1.0969970334136359
12,1.0999999528375843
13,1.0986552431573295
14,1.0999998838314344
2,1.0999999462047405
3,1.0999787195515731
4,1.0999059866605012
5,1.000442147881455
6,1.0004426523577568
7,1.086855323340537
8,1.1000000096717766
9,1.0986714310865051
