ind,vm
1,1.0992371544575241
10,1.0984715125101925
11,1.0971036599480253
12,1.0999999936141138
13,1.098750967088318
14,1.0999999820175217
2,1.099999914215812
3,1.0661476166889485
4,1.0661457229004512
5,1.0972108890055388
6,1.0972427678126955
7,1.0908244818101092
8,1.1000000090141462
9,1.0984784427774956
