ind,vm
1,1.0999994694872777
10,1.0999991387572097
11,1.0993985926277927
12,1.0999997162002626
13,1.099818710127073
14,1.0999990310816363
2,1.099724296140582
3,1.098259530032687
4,1.0982500872657779
5,1.0810981131561186
6,1.0811026965934307
7,1.0915307610916396
8,1.1000000089392976
9,1.0998171347667205
