ind,vm
1,1.0999999051361657
10,1.099999987230689
11,1.0983166199445091
12,1.0999999737993056
13,1.099805963297798
14,1.0999991601706303
2,1.0993798677771502
3,1.0906551375579885
4,1.0906511749028749
5,1.0816805244267333
6,1.0816851045469673
7,1.0911875033096923
8,1.1000000090982596
9,1.0988980650931577
