ind,vm
1,1.099999948012009
10,1.0999551533404206
11,1.099646902430322
12,1.0999975862694051
13,1.0848161599575883
14,1.0848129120972372
2,1.0986509027333882
3,1.0945896210379678
4,1.0945807865342387
5,1.0000004381138705
6,1.0000004524106096
7,1.0941363532239936
8,1.0999999990269917
9,1.099903812497951
