ind,vm
1,1.0999999295692902
10,1.0076254075978888
11,1.099646896830653
12,1.099997580628655
13,1.095178891113934
14,1.0951864377611384
2,1.098813607220684
3,1.0885570597433718
4,1.0885524586389452
5,1.0000354571481946
6,1.000035322080733
7,1.095975318879196
8,1.0999999853896962
9,1.0076249316696748
