ind,vm
1,1.0999995378109964
10,1.0999889898632815
11,1.0995878811081772
12,1.099998122734152
13,1.0998232641084793
14,1.0999968310471293
2,1.0994930891404586
3,1.037066328607357
4,1.0370682748830498
5,1.056048780832015
6,1.0560534799463106
7,1.0918806865018604
8,1.1000000043361715
9,1.0998963384719511
