ind,vm
1,1.0977373163036614
10,1.1000000088866175
11,1.0994873932601599
12,1.0999999118441572
13,1.0976499414605978
14,1.1000000094070141
2,1.100000008867582
3,1.0999909432743378
4,1.099857957108543
5,1.00100992605192
6,1.0010100694011375
7,1.0758776534382162
8,1.1000000103457468
9,1.0943327293416425
