ind,vm
1,1.0999936785614524
10,1.0999937495735024
11,1.099388099944825
12,1.099997659569375
13,1.099793145406361
14,1.099993335802053
2,1.099760894573038
3,1.0162319507407878
4,1.0162339363815387
5,1.0307375948812603
6,1.0307423869570913
7,1.0910800985436586
8,1.0999999958054674
9,1.0997970638659784
