ind,vm
1,1.0999996726883714
10,1.0999180964140887
11,1.0993436871228732
12,1.0999979724069922
13,1.0997037741177975
14,1.0999969993052263
2,1.0990123984117743
3,1.015683174220147
4,1.0156851588352127
5,1.0328884784637062
6,1.0328836925857492
7,1.096195740954048
8,1.0999999258247297
9,1.0998513983193396
