ind,vm
1,1.0999994609032713
10,1.0999995462931333
11,1.0987580539371804
12,1.099999807393195
13,1.0998316381458797
14,1.0999964726419098
2,1.0995294234474815
3,1.0958746877942576
4,1.0958642261186313
5,1.056879191443186
6,1.0568838866279313
7,1.095817196688208
8,1.099999985492561
9,1.0995724437488
