ind,vm
1,1.0999998843812484
10,1.0999989998967896
11,1.0991363052003778
12,1.0999996179993758
13,1.0998529689480119
14,1.0999955762536433
2,1.0990546867431914
3,1.0896334107496972
4,1.0896272105689389
5,1.0000140902246661
6,1.0000140381753342
7,1.091834810145586
8,1.1000000048676453
9,1.0997189149961206
