ind,vm
1,1.0980693311286402
10,1.0999999891641186
11,1.0998016022465618
12,1.0999974654526214
13,1.0983920923662724
14,1.0999999822861803
2,1.0999999858620517
3,1.0441934462924884
4,1.0441915126994805
5,1.0014638939339628
6,1.0014644153518801
7,1.0869353532831945
8,1.1000000086513664
9,1.098134661777744
