ind,vm
1,1.099387310976692
10,1.0994363965733263
11,1.097103671002437
12,1.1000000046395217
13,1.0986577610384127
14,1.1000000020218412
2,1.0999999571200585
3,1.0994214125666768
4,1.0994116698534004
5,1.0943738252364614
6,1.0943869790266438
7,1.0908244831329605
8,1.1000000103265768
9,1.0994433207584162
