ind,vm
1,1.0977373371542023
10,1.100000009209549
11,1.0994488967899885
12,1.0999999478354134
13,1.0977315618857024
14,1.100000009122143
2,1.1000000086539587
3,1.0999925918461042
4,1.0998554251337225
5,1.001444849953814
6,1.0014453580643965
7,1.07587765321338
8,1.10000001047364
9,1.094207767613441
