ind,vm
1,1.0977373595066688
10,1.100000010504441
11,1.099585126702869
12,1.0999998374188882
13,1.09788647805234
14,1.1000000088602615
2,1.1000000086695176
3,1.0999986220270497
4,1.0998355289920827
5,1.0021799300022398
6,1.002180551834502
7,1.075877653531801
8,1.1000000107883616
9,1.094207768913188
