ind,vm
1,1.0999999512000374
10,1.0999915202402253
11,1.0993041071346628
12,1.0999997911279178
13,1.099846307894514
14,1.099998630418179
2,1.0991729556407863
3,1.0918515038889263
4,1.0918471487853036
5,1.0813587046952529
6,1.0813632951651608
7,1.0964978409663204
8,1.099999998696632
9,1.0999298161195659
