ind,vm
1,1.0984125852752067
10,1.1000000098799443
11,1.0972703601522873
12,1.0999999904660924
13,1.0983344212000192
14,1.099999992238483
2,1.099999985035645
3,1.0999969621491827
4,1.0998468811741655
5,1.096566323523936
6,1.096594653839456
7,1.0758776534449792
8,1.1000000107032097
9,1.0942077682855895
