ind,vm
1,1.0999997727921036
10,1.0999999753100753
11,1.099794994310362
12,1.0999922221987208
13,1.0997725544068484
14,1.0999981535860233
2,1.099287266815116
3,1.099451307758495
4,1.0994253964969083
5,1.0007127035927452
6,1.00071308671243
7,1.0842705042949754
8,1.1000000092775186
9,1.0984797305512424
