ind,vm
1,1.0999997628971012
10,1.0999974572681133
11,1.0989884065823547
12,1.099999161527781
13,1.0998563392191478
14,1.0999806783260992
2,1.0988360759731675
3,1.098252663932176
4,1.0982261821954367
5,1.0001081159167606
6,1.0001083654320182
7,1.091866518926643
8,1.0999999927138293
9,1.0996934224934134
