ind,vm
1,1.0999998122831005
10,1.0999991427866187
11,1.09906817094046
12,1.0999996736778868
13,1.0998837896682128
14,1.0999920090298547
2,1.0992450026679028
3,1.0933249446067044
4,1.0933170631296325
5,1.05902260521277
6,1.0590272928858262
7,1.092452818042471
8,1.1000000038167592
9,1.0996969912027694
