ind,vm
1,1.0977380103119256
10,1.1000000052709944
11,1.0972405817914632
12,1.1000000049543075
13,1.0975533030736466
14,1.1000000023072276
2,1.0999999985553137
3,1.0999903030388407
4,1.099932563701667
5,1.0617413613048687
6,1.06174603644801
7,1.092604655646547
8,1.1000000097408509
9,1.0985723538024041
