ind,vm
1,1.0999814750215045
10,1.0999999923967874
11,1.0966956694539785
12,1.0999999591527874
13,1.0995084838341582
14,1.0999989497743876
2,1.0998395842860293
3,1.0999858535723026
4,1.0999065038537066
5,1.001001339875729
6,1.0010005568394105
7,1.0789032141047121
8,1.1000000105499983
9,1.0986677173246615
