ind,vm
1,1.0993290936520839
10,1.1000000052390773
11,1.0974374956422932
12,1.0999999838065015
13,1.0984805390617693
14,1.0999999807506866
2,1.0999998170591243
3,1.0999721119348946
4,1.099935232144699
5,1.0003714220818605
6,1.0003716902061943
7,1.0965417923967187
8,1.1000000062213207
9,1.097388253352498
