ind,vm
1,1.0999998670138635
10,1.099999244336472
11,1.0987901307485706
12,1.0999998115360765
13,1.0998299024933145
14,1.0999968130180307
2,1.0991144270018975
3,1.0398671778775899
4,1.039865236253783
5,1.0000109116333855
6,1.0000108658202573
7,1.0918945409253096
8,1.100000004790745
9,1.09967812551794
