ind,vm
1,1.0999998497227097
10,1.0999950897256814
11,1.0996157677301386
12,1.0999992842573236
13,1.0998200988705311
14,1.0999990146051877
2,1.0994962716463808
3,1.0981929382464883
4,1.0981836467320354
5,1.0803138662285932
6,1.0803184582769652
7,1.0918341044232382
8,1.100000008780611
9,1.099916328389607
