ind,vm
1,1.09999993650111
10,1.099998800050432
11,1.099309209171852
12,1.0999993948449884
13,1.0998900936842086
14,1.0999933250607719
2,1.0987657073052066
3,1.0813377269306572
4,1.08132990814702
5,1.0000034770563828
6,1.0000034210967361
7,1.0923480672447778
8,1.1000000040029179
9,1.0997426136568107
