ind,vm
1,1.0977380379750328
10,1.0995611299514825
11,1.0969026709347587
12,1.1000000053518086
13,1.097809162470046
14,1.1000000001154224
2,1.099999998295657
3,1.0999975849247532
4,1.0998923574156525
5,1.047338867941304
6,1.0473423584705996
7,1.0864823746217083
8,1.1000000106379788
9,1.0995680533967465
