ind,vm
1,1.0999997955212883
10,1.0999991444194148
11,1.0990680623006195
12,1.0999996481182839
13,1.0998786106752971
14,1.0999922388602146
2,1.0992479398212465
3,1.0853482572533308
4,1.0853428957595828
5,1.0570058901475778
6,1.057010573167405
7,1.0921739573343385
8,1.100000003820284
9,1.0996855053482508
