ind,vm
1,1.0999994634812302
10,1.0999606252855103
11,1.0993174816279867
12,1.0999981283741398
13,1.0998269043450746
14,1.0999897974899664
2,1.0992181454293117
3,1.0556125832748113
4,1.0556081079045392
5,1.021278344397149
6,1.0212822639026369
7,1.0928500521876625
8,1.0999999872273067
9,1.099877461767637
