ind,vm
1,1.0999997979724843
10,1.09655717233733
11,1.0991156692184567
12,1.0999996077368668
13,1.0995572449221442
14,1.0999995491310028
2,1.0992653056883137
3,1.0367568117015518
4,1.0367587589005784
5,1.0081947776637952
6,1.0081934468634406
7,1.093764751353869
8,1.0999999995204268
9,1.0965641147408651
