ind,vm
1,1.0977372651067994
10,1.1000000094811606
11,1.0996706023556064
12,1.0999993092153777
13,1.097290805954728
14,1.1000000079022496
2,1.1000000055665242
3,1.0999954763891426
4,1.099841749028491
5,1.0002592916072652
6,1.0002594098847426
7,1.0758776530153606
8,1.1000000102810958
9,1.094207767884849
