ind,vm
1,1.0999998457015632
10,1.0999969392315117
11,1.0993496616365768
12,1.099997934117976
13,1.0998601379655562
14,1.099937996745526
2,1.098569347598418
3,1.0961157789468763
4,1.0960991011407613
5,1.000079613856534
6,1.0000794005738498
7,1.0919519251295111
8,1.099999992270546
9,1.0997191528206771
