ind,vm
1,1.0992330461146034
10,1.099999983163039
11,1.097130755221832
12,1.0999999087522567
13,1.0987537624367998
14,1.0999998630691041
2,1.099999515903682
3,1.0999984335387538
4,1.0998343063835758
5,1.0001915705390838
6,1.0001918987450669
7,1.075877653445286
8,1.1000000107035108
9,1.0979712229844274
