ind,vm
1,1.0999999242293144
10,1.0999989303925126
11,1.099247079229316
12,1.0999994929553822
13,1.0998661398188307
14,1.0999944707589924
2,1.0988577590483941
3,1.099011285843908
4,1.0989906501668036
5,1.0000000041606154
6,1.0000000013622676
7,1.092274985180154
8,1.1000000041367213
9,1.0997278998124476
