ind,vm
1,1.097994047495746
10,1.0988787025830367
11,1.0969107523100279
12,1.099999981046074
13,1.0994380153983019
14,1.0999997404242328
2,1.0980044394596107
3,1.0899161457524784
4,1.0899142932203056
5,1.000014544604177
6,1.0000144916994558
7,1.0758776536415033
8,1.1000000108961325
9,1.098885630329906
