ind,vm
1,1.0992198306461838
10,1.1000000098935108
11,1.0971616663478723
12,1.099999953628884
13,1.0989440656978133
14,1.0999997963165309
2,1.099999509842733
3,1.0999971299091837
4,1.0998415305694567
5,1.00001717596132
6,1.0000170775915977
7,1.0758776534449168
8,1.1000000107031482
9,1.0942077682992228
