ind,vm
1,1.0989832985527648
10,1.0969402089653153
11,1.0972877939128494
12,1.099999995061948
13,1.0987225526324245
14,1.0999999897047068
2,1.0999999695066391
3,1.099682348693812
4,1.0996492012314818
5,1.0526420958201084
6,1.0526459834581166
7,1.0855048508759166
8,1.1000000091622477
9,1.0969471489674423
