ind,vm
1,1.0999989260252478
10,1.0999915280404833
11,1.0995692892406632
12,1.0999951494114424
13,1.0998291776014129
14,1.0999892658841683
2,1.0994434942389464
3,1.0966267834283205
4,1.096607677776726
5,1.0293539088745243
6,1.0293587258529526
7,1.0955960260005586
8,1.0999999475958417
9,1.0998211643816145
