ind,vm
1,1.0998175093422353
10,1.099999979736283
11,1.0968066048167961
12,1.099999983389408
13,1.0994610370895115
14,1.0999997160595252
2,1.0997842535622109
3,1.099997178908678
4,1.0998905650765274
5,1.0000753194210301
6,1.000075199064955
7,1.078296080397572
8,1.10000001079022
9,1.0985396026561014
