ind,vm
1,1.0999998310231511
10,1.099986360027594
11,1.099231760722552
12,1.0999995135403084
13,1.0998344027405287
14,1.0999966247528163
2,1.0992092949260661
3,1.09200991441913
4,1.0920027243005397
5,1.0592752641650955
6,1.0592799480849169
7,1.0913191125942487
8,1.100000005593811
9,1.0999049435335686
