ind,vm
1,1.099999969079824
10,1.0997705051249342
11,1.0994911186765093
12,1.0999988690449722
13,1.0998643508546921
14,1.0999946729615129
2,1.0983614867410332
3,1.0847068676930096
4,1.084701717050581
5,1.0540720799423335
6,1.054076328046425
7,1.0966783759506025
8,1.0999999732323122
9,1.099744872003242
