ind,vm
1,1.099781778102709
10,1.0999999380518755
11,1.0998088047601504
12,1.0999944898231833
13,1.0992851646794397
14,1.0999998461145915
2,1.0999976665723123
3,1.099960470931673
4,1.0999553415763221
5,1.000035346399878
6,1.000035428111534
7,1.08846244585075
8,1.10000000796821
9,1.0989693809142478
