ind,vm
1,1.0999997725925983
10,1.0886697965464542
11,1.0973865863242318
12,1.0973609483914544
13,1.0220684646444202
14,1.0220699689691723
2,1.0988050367229334
3,1.0157145759883903
4,1.0157165632547687
5,1.0019980781631668
6,1.0019969879425226
7,1.0965946379092044
8,1.099999904624436
9,1.0886760300441296
