ind,vm
1,1.099155727855059
10,1.1000000040381763
11,1.0975316078671353
12,1.099999873173085
13,1.0987929871866549
14,1.0999998519956764
2,1.0999995985084106
3,1.0999991289255846
4,1.0997890813609255
5,1.0001019169805405
6,1.0001021842201732
7,1.0758776534450734
8,1.1000000107033021
9,1.095247469007411
