ind,vm
1,1.0977372507943814
10,1.1000000104251426
11,1.0996710653956325
12,1.0999997718487367
13,1.0971845340748267
14,1.1000000100431597
2,1.1000000091925968
3,1.0999985511998123
4,1.0998279335583134
5,1.000286685665051
6,1.0002867716813795
7,1.0758776534761727
8,1.1000000107336656
9,1.0942077688335023
