ind,vm
1,1.0999999603486101
10,1.0999999669668539
11,1.0986437089671066
12,1.0999999554249609
13,1.0998900266656637
14,1.0999971682983594
2,1.0990996132234894
3,1.097029538451691
4,1.0970223664964878
5,1.0808410726032514
6,1.0808456655117118
7,1.0922685450442235
8,1.1000000085143573
9,1.0991985550333476
