ind,vm
1,1.0977373430023145
10,1.1000000097064317
11,1.0995847833390595
12,1.0999994940667062
13,1.0978861866059257
14,1.1000000046063962
2,1.1000000040373659
3,1.0999956430510742
4,1.0998500063708312
5,1.0111550004584058
6,1.0111578671125938
7,1.075877653147538
8,1.1000000104110264
9,1.094207768111224
