ind,vm
1,1.099999551203493
10,1.0999995078315503
11,1.0986517034659269
12,1.0999995433771481
13,1.0998678660700758
14,1.0999592734224741
2,1.0991447733138828
3,1.097163385242549
4,1.0971445140476048
5,1.0299480384736694
6,1.0299528519384105
7,1.0907927828838502
8,1.099999996754932
9,1.0993203389163186
