ind,vm
1,1.0996337825016271
10,1.1000000099034266
11,1.0971469509336869
12,1.099999929798741
13,1.0992407316928936
14,1.0999995790445551
2,1.0999975893305238
3,1.09999711714951
4,1.0998382453297304
5,1.0343804345492575
6,1.03438522832681
7,1.0758776534447538
8,1.1000000107029884
9,1.0942077683091875
