ind,vm
1,1.0931349306269411
10,1.1000000047489387
11,1.096695544769366
12,1.0999999941862137
13,1.0994278771265238
14,1.0999997499912157
2,1.0931294915903058
3,1.0999977908183145
4,1.0998884887087723
5,1.0001329432139294
6,1.0001327824113198
7,1.0789032144067157
8,1.1000000108470778
9,1.0986677296915917
