ind,vm
1,1.0977379923258404
10,1.1000000012799893
11,1.0972282807431604
12,1.0999999942592578
13,1.0976059040288129
14,1.099999986232662
2,1.0999999777100686
3,1.0999743381656744
4,1.0999116671221134
5,1.0345230453575223
6,1.0345278423452096
7,1.093395956875983
8,1.1000000066567213
9,1.098164416987769
