ind,vm
1,1.0975723921847975
10,1.0983521597793187
11,1.0956051660853174
12,1.098469698844871
13,1.0969405373023653
14,1.0983629554337382
2,1.0982385347639723
3,1.006280201167724
4,1.0062781930432672
5,1.000019832042102
6,1.0000247981858128
7,1.0910715247788993
8,1.098597722654269
9,1.096882507107901
