ind,vm
1,1.0999999232928612
10,1.0992859394028607
11,1.0994983207689981
12,1.0999964753447091
13,1.0998681888487558
14,1.099961431493572
2,1.0980397167274625
3,1.0156780667772785
4,1.0156800538702813
5,1.030756815322778
6,1.0307616131123416
7,1.0968813036626752
8,1.0999998838096203
9,1.0992605179360457
