"Component ","R [3] ","C [3] ","Base power ","Base voltage ","Base frequency ","Description ","Enable user initial value [3]","Initial voltage [3]"
"RLC","R","C","pBase","vBase","fBase","Description","Enable_IC","V0_C"
,(?),(F),(VA),(V),(Hz),,,(V)
line_2192_to_2194_2,[0.01039354656714387 0.01039354656714387 0.01039354656714387],[8.809978081156597e-005 8.809978081156597e-005 8.809978081156597e-005],33333333.33333333,190525.5888325765,50,,[0 0 0],[0 0 0]
line_2193_to_2194_1,[0.01134015171916967 0.01134015171916967 0.01134015171916967],[8.328847774668986e-005 8.328847774668986e-005 8.328847774668986e-005],33333333.33333333,190525.5888325765,50,,[0 0 0],[0 0 0]
line_4138_to_4141_1,[0.007669487868392013 0.007669487868392013 0.007669487868392013],[5.080779604618226e-005 5.080779604618226e-005 5.080779604618226e-005],33333333.33333333,158771.3240271471,50,,[0 0 0],[0 0 0]
line_4139_to_4140_2,[0.007235510490834715 0.007235510490834715 0.007235510490834715],[5.051087291611663e-005 5.051087291611663e-005 5.051087291611663e-005],33333333.33333333,158771.3240271471,50,,[0 0 0],[0 0 0]
