ind,vm
1,1.09999980840626
10,1.0999998954890007
11,1.0986180353803496
12,1.0999998526164518
13,1.0998676741167352
14,1.0999938104677476
2,1.0992253149391895
3,1.0979518410981783
4,1.097936997270309
5,1.0568054681907133
6,1.0568101628704236
7,1.0913167551346978
8,1.1000000051777818
9,1.0991482922870388
