ind,vm
1,1.0999998147142138
10,1.005808001711607
11,1.0996468956019863
12,1.099997579393401
13,1.0999057392310962
14,1.0999704151966145
2,1.0992374336784427
3,1.080810895318692
4,1.080806380439049
5,1.000000901708989
6,1.0000009139934507
7,1.0960075109902028
8,1.0999999849349966
9,1.0058084140637191
