ind,vm
1,1.0977373284018
10,1.1000000094821638
11,1.0996385174606682
12,1.0999997993243609
13,1.0978863970488142
14,1.1000000090079385
2,1.1000000088286053
3,1.0999961780577048
4,1.0998891677515876
5,1.0016679116386271
6,1.0016681011297344
7,1.0758776535666323
8,1.1000000108226327
9,1.0942077678863273
