ind,vm
1,1.099998270814595
10,1.098214827444975
11,1.0996420252029542
12,1.099992710786237
13,1.099853581513632
14,1.09998246691414
2,1.0995575156978727
3,1.0157635961120444
4,1.015761607818798
5,1.001217457484757
6,1.0012166090207772
7,1.0964300608657922
8,1.0999999141511208
9,1.0981986793333582
