ind,vm
1,1.0995296127931884
10,1.091782841404099
11,1.0970143971792616
12,1.0999999156477696
13,1.0994724881897529
14,1.0999990915054851
2,1.0995676296455725
3,1.0999701461934424
4,1.0998729267203642
5,1.0000064958548611
6,1.000006434914626
7,1.0801428528143893
8,1.1000000094106646
9,1.0917898141892406
