ind,vm
1,1.0977380109256714
10,1.1000000085839414
11,1.097341768005709
12,1.1000000088761221
13,1.0974968497848245
14,1.1000000082793921
2,1.1000000068866789
3,1.094555715167234
4,1.0945538704904054
5,1.0836633753553495
6,1.0836679569230423
7,1.0950631939905637
8,1.1000000100831937
9,1.098728451235038
