ind,vm
1,1.0989600848866028
10,1.091430612525538
11,1.0972447361524724
12,1.0999999257252846
13,1.0991147502925673
14,1.0999997195227504
2,1.0999997573679503
3,1.099317960482472
4,1.099278165332104
5,1.0347902664133024
6,1.0347950634682956
7,1.0882827231441168
8,1.1000000027874333
9,1.0914375874367779
