ind,vm
1,1.0988804792860989
10,1.091642102986205
11,1.097341127830504
12,1.0999999618773975
13,1.0986997704562669
14,1.099999948268361
2,1.099999907323783
3,1.0992380876232637
4,1.0992005457322958
5,1.035347536238026
6,1.0353523308452477
7,1.0860031753767656
8,1.1000000051900727
9,1.0916490766662004
