ind,vm
1,1.099999933009376
10,1.1000000106709966
11,1.0973734184457598
12,1.0999999989288753
13,1.0998445123662308
14,1.099998666365686
2,1.0992766021646168
3,1.0999987751632372
4,1.0998794587044216
5,1.029747498969819
6,1.0297459296070108
7,1.0758776536657377
8,1.100000010919891
9,1.095349221745192
