ind,vm
1,1.099998968287887
10,1.0999987608487327
11,1.0992204887144195
12,1.0999994911572708
13,1.0998396055495996
14,1.0999960672465139
2,1.0996567995539845
3,1.0372271650475307
4,1.0372291112199183
5,1.023613100090204
6,1.0236155074892868
7,1.0910727338000994
8,1.1000000054969996
9,1.099737286762801
