ind,vm
1,1.0999989302621835
10,1.098731635453111
11,1.0998264343706363
12,1.0999860452164623
13,1.0998342415984645
14,1.0999966205225316
2,1.0996746774988106
3,1.0856495921139029
4,1.0856442771289807
5,1.0001228639821542
6,1.0001230195253097
7,1.0960303906225444
8,1.0999999846636768
9,1.098720493918883
