ind,vm
1,1.0999993657707825
10,1.0999992365997766
11,1.0984764269244536
12,1.0999996389425575
13,1.0998654064321538
14,1.099973127500611
2,1.099277359658219
3,1.0850986031369532
4,1.0850898190686038
5,1.0298005972912583
6,1.029795799490105
7,1.0896275075834498
8,1.099999999825547
9,1.099450606201609
