ind,vm
1,1.0999836083475485
10,1.1000000098791847
11,1.0977321168665202
12,1.0999999247278582
13,1.0996055719268947
14,1.099998347468648
2,1.0998353541212271
3,1.0999966726941093
4,1.0998460697622818
5,1.000191505101019
6,1.00019117074695
7,1.0758776534444834
8,1.1000000107027228
9,1.0942077682848264
