ind,vm
1,1.0999997244196995
10,1.093847573275897
11,1.0996468972654239
12,1.0999975810659048
13,1.0999074273527005
14,1.0999741617177792
2,1.0993682648478027
3,1.084012301996719
4,1.0840072860013847
5,1.0001615766158582
6,1.0001613974237749
7,1.0963571924405062
8,1.0999999796472
9,1.0938425789617139
