ind,vm
1,1.0999999490695551
10,1.0999923399552618
11,1.099299743380624
12,1.0999994115077865
13,1.0997642690102116
14,1.09999842462349
2,1.0986607268977213
3,1.0833738835766369
4,1.083368982565914
5,1.0111382707470626
6,1.0111367045336828
7,1.096804762587017
8,1.0999999701508096
9,1.099887233647407
