ind,vm
1,1.0999998449360138
10,1.0999845130798673
11,1.0993195834936613
12,1.0999993757719815
13,1.0998495526791081
14,1.099995810927449
2,1.0991762028976502
3,1.0804304876468025
4,1.0804260501307386
5,1.0594039984252555
6,1.0594086792410107
7,1.0931074206749352
8,1.100000002365647
9,1.099907313118237
