ind,vm
1,1.0992345648996555
10,1.100000000336442
11,1.0971308282418146
12,1.0999999764320536
13,1.0987421107069866
14,1.0999999621414003
2,1.0999998439318062
3,1.09999948225577
4,1.0998326572214516
5,1.0000956477896652
6,1.0000957825024173
7,1.0758776536454613
8,1.1000000109000192
9,1.0979712401887127
