ind,vm
1,1.0999999487452594
10,1.0999999830162495
11,1.0985150559221133
12,1.0999999637778743
13,1.0998781163425284
14,1.0999977465030992
2,1.0991877916362713
3,1.0685619606992764
4,1.0685600709040726
5,1.0809147178123368
6,1.0809193105204484
7,1.0864292571550063
8,1.100000010212091
9,1.09899737810368
