ind,vm
1,1.09999793716367
10,1.0999983388302947
11,1.098804380511339
12,1.0999994045405865
13,1.0998299901282178
14,1.0999891045489987
2,1.0995950437844608
3,1.0163120440463167
4,1.0163140280792928
5,1.0297164434165367
6,1.0297212558564546
7,1.0916786195585564
8,1.0999999935309583
9,1.0996235028945105
