ind,vm
1,1.0984213099811393
10,1.1000000108638404
11,1.097270378232281
12,1.100000008504634
13,1.098324771294972
14,1.1000000087555464
2,1.1000000078132568
3,1.0999995389340336
4,1.099864688276769
5,1.0995607594230057
6,1.0995891077424864
7,1.0758776537103663
8,1.1000000109637351
9,1.0942077692743635
