ind,vm
1,1.0999998214623814
10,1.0967939817446424
11,1.0991168698511184
12,1.0999996352080974
13,1.0995537764112704
14,1.0999995883728584
2,1.0992486969162394
3,1.0823120060508205
4,1.08230729595367
5,1.0028984943510593
6,1.0028977356661135
7,1.094973822570265
8,1.0999999946628705
9,1.0968009226496107
