ind,vm
1,1.0999998067835193
10,1.0999635085079347
11,1.0991912997516007
12,1.0999995282387671
13,1.0998526528825872
14,1.0999952352942823
2,1.0992297054683233
3,1.0364090669329977
4,1.0364110143502607
5,1.0568806431990647
6,1.0568852986115937
7,1.0958918133725544
8,1.0999999845337067
9,1.0999064891912613
