ind,vm
1,1.006709493586653
10,1.0171318308307296
11,0.9999323235561319
12,1.0002459537905515
13,1.0108458371697127
14,1.0135617172428821
2,1.0089377428380442
3,1.0001633660110796
4,0.9999255134508559
5,0.9999665022124782
6,1.0009190694114818
7,1.000845565233114
8,1.0256260565233923
9,1.0110025360122625
