ind,vm
1,1.0999987051703148
10,1.0999999597961168
11,1.0978187294568889
12,1.099999952465191
13,1.0998260622261367
14,1.099996962236935
2,1.09970377386713
3,1.0915257413986617
4,1.0915188723638887
5,1.0127146312492863
6,1.0127130154084516
7,1.0895261404454541
8,1.100000007306227
9,1.098771638261419
