ind,vm
1,1.099999950291521
10,1.0991452248349973
11,1.0993983444565385
12,1.099999196953662
13,1.0998694056082108
14,1.0999941361654226
2,1.0986401462837685
3,1.084357522121922
4,1.0843524323999674
5,1.059302460957439
6,1.0593071432556949
7,1.0967822220765786
8,1.0999999707293302
9,1.0991316809056335
