ind,vm
1,1.0999999632101223
10,1.0999996925365267
11,1.0989431127677645
12,1.0999999160611382
13,1.099835478652669
14,1.099998813524745
2,1.0990745506956368
3,1.0667234800550036
4,1.0667215870383553
5,1.0000475505917041
6,1.000047492871425
7,1.091585261813904
8,1.1000000089073876
9,1.0996996453340442
