ind,vm
1,1.0993462494837059
10,1.0114531545639383
11,1.097103661247821
12,1.0999999949095527
13,1.0986884487792572
14,1.099999986982326
2,1.0999998903994526
3,1.0016691503268804
4,1.0016671145490879
5,1.0005351819505068
6,1.0005497870746878
7,1.090824481806804
8,1.100000009010698
9,1.0114606810629707
