ind,vm
1,1.099796407849325
10,1.0990301749477123
11,1.0968595734009794
12,1.0999999837366439
13,1.0992210182239965
14,1.0999998734627194
2,1.099997333727722
3,1.0998065723625485
4,1.0997935384721749
5,1.0000004577697748
6,1.0000004505766054
7,1.0758776536453483
8,1.1000000108999082
9,1.0990371017513958
