ind,vm
1,1.0999997538881157
10,1.0999985060086994
11,1.0993204927132039
12,1.099999325544884
13,1.0998736969101002
14,1.099993022812911
2,1.0993115063597678
3,1.0814364645971957
4,1.0814317672985063
5,1.0569164416400483
6,1.0569211354078913
7,1.0912183224488443
8,1.1000000053187524
9,1.0997598255869971
