ind,vm
1,1.0999999839076273
10,1.0999866419716582
11,1.0990889814348175
12,1.0999998830320268
13,1.0998453262482435
14,1.0999986516155764
2,1.0987753371309603
3,1.093998052603674
4,1.0939929407814566
5,1.08117116377037
6,1.0811757541674085
7,1.0966453559996665
8,1.0999999975683932
9,1.0999356118907693
