ind,vm
1,1.09999984665277
10,1.0998700519715665
11,1.099254167980163
12,1.0999984384411574
13,1.0998345225766097
14,1.0999883207453625
2,1.0985789309567593
3,1.0157060075526056
4,1.0157079945305576
5,1.0067689721540072
6,1.0067710455028998
7,1.0965693634142355
8,1.0999999060082792
9,1.0998145622041324
