ind,vm
1,1.0999997205939207
10,1.0999973198599104
11,1.0991622339736433
12,1.0999987680406356
13,1.0998646313685119
14,1.0999742430791521
2,1.0989224208016581
3,1.0964552430520005
4,1.0964366699606918
5,1.0002014876843437
6,1.000201149130312
7,1.0915424464880887
8,1.0999999940679586
9,1.0997009391705557
