ind,vm
1,1.0987864867815271
10,1.0988882399025883
11,1.0978383437106691
12,1.1000000060065287
13,1.098463999300865
14,1.1000000085142836
2,1.1000000059871273
3,1.068193618041203
4,1.0681917278623791
5,1.0995401757598329
6,1.0995678315950776
7,1.088337675163496
8,1.1000000099241258
9,1.0988951675808913
