ind,vm
1,1.0999997816583986
10,1.0999997323667057
11,1.098499895564269
12,1.0999998816287921
13,1.0998841105000698
14,1.0999919445058322
2,1.0992964784328492
3,1.039331953618163
4,1.0393300103049208
5,1.0587396048393976
6,1.0587442919026542
7,1.0898536752044792
8,1.1000000070653646
9,1.09946873725037
