ind,vm
1,1.0997039412040681
10,1.1000000069771652
11,1.0975592220994606
12,1.099999871692126
13,1.099195497825809
14,1.099999629057053
2,1.0999962743649727
3,1.0999991058744898
4,1.099789475254214
5,1.0000232654249692
6,1.0000231030159035
7,1.0758776534452925
8,1.1000000107035173
9,1.094207765369267
