ind,vm
1,1.09974476039816
10,1.0987079843183714
11,1.0966319281275263
12,1.0999999707877979
13,1.0992746235362978
14,1.0999995362668196
2,1.0999948176185441
3,1.0999856124849452
4,1.0999073078514334
5,1.0000088828224487
6,1.0000088112627354
7,1.0845327370285702
8,1.1000000101921799
9,1.0987149129851945
