ind,vm
1,1.099999986391616
10,1.0999996594611745
11,1.0986597489557217
12,1.0999999521247723
13,1.0998084930716447
14,1.0999991373184579
2,1.0987113294963256
3,1.092801853131105
4,1.0927972016710024
5,1.082708948572483
6,1.0827135325372244
7,1.0965679032196396
8,1.099999998172797
9,1.0997142632126213
