ind,vm
1,1.0999999212421887
10,1.0967400528016402
11,1.099646895252073
12,1.099997579041725
13,1.0798077763370564
14,1.079810539991381
2,1.0988690311321911
3,1.0801246083242766
4,1.0801201732163908
5,1.002155558523952
6,1.0021549009046904
7,1.096517055315168
8,1.0999999767265547
9,1.0967469837145847
