ind,vm
1,1.099524965918072
10,1.0999999447557933
11,1.0971859024062587
12,1.0999999795087168
13,1.0992331483047644
14,1.0999998656384433
2,1.0999995455932032
3,1.0997819462688887
4,1.0997419469116443
5,1.0619373627816702
6,1.061942037853033
7,1.0895860382789353
8,1.1000000074150869
9,1.0988670603023476
