ind,vm
1,1.0999999083430516
10,1.0924977772394404
11,1.0998269146422055
12,1.0999865254201326
13,1.0990245789971103
14,1.0990385514299774
2,1.0989041561113817
3,1.0376502113561008
4,1.0376482653622576
5,1.0006623280483127
6,1.0006619524522198
7,1.0964225523264988
8,1.0999999760179544
9,1.092502451104583
