ind,vm
1,1.0989675629537412
10,1.0970552173869683
11,1.0973347125313673
12,1.0999999957490576
13,1.0985676960785535
14,1.0999999960737434
2,1.0999999751822378
3,1.0983177927627314
4,1.0983027497216153
5,1.0646848805256097
6,1.0646895436563395
7,1.0850157439114136
8,1.100000009229683
9,1.0970621566616294
