ind,vm
1,1.099999742984893
10,1.099997552363744
11,1.0988395217503577
12,1.0999993669538717
13,1.0998538097092274
14,1.0999823031347045
2,1.0988798757475635
3,1.0990002298924686
4,1.0989653896384666
5,1.000074300679895
6,1.0000745064962344
7,1.091131811705288
8,1.0999999956246291
9,1.0996878482254797
