ind,vm
1,1.099532102364706
10,1.100000004626723
11,1.0975806706636895
12,1.0999999978578805
13,1.098614225635415
14,1.0999999798814626
2,1.0999996676505734
3,1.099935032746425
4,1.0999063787587284
5,1.0037651885669745
6,1.0037660429454822
7,1.0885898656978816
8,1.1000000105284615
9,1.0982347267252015
