ind,vm
1,1.0995257145931665
10,1.1000000106274364
11,1.0975013420355633
12,1.0999999847951574
13,1.0991937705383859
14,1.0999998829213613
2,1.0999995356271324
3,1.099999084347756
4,1.0998472839918
5,1.0000258948461866
6,1.0000258241458744
7,1.0758776536363928
8,1.100000010891114
9,1.0942077690367873
