ind,vm
1,1.0993160126037707
10,1.1000000062155324
11,1.0973729210018488
12,1.099999993126114
13,1.098482068914543
14,1.0999999859832967
2,1.0999998566280926
3,1.0860677109112093
4,1.0860658518141808
5,1.0062941070789395
6,1.0062952124666324
7,1.0952242405813015
8,1.1000000084680894
9,1.0975520389134656
