ind,vm
1,1.099999768547405
10,1.0091739673167017
11,1.0996420175137553
12,1.0999927030596024
13,1.0055066951035057
14,1.0055059669840556
2,1.0988146577257127
3,1.0157823837764133
4,1.0157843707656042
5,1.001657420293946
6,1.0016564291323193
7,1.0958969861611514
8,1.0999999379230883
9,1.0091730713691334
