ind,vm
1,1.0977380383722677
10,1.099525702516222
11,1.0969026703056681
12,1.1000000047243323
13,1.0978093268142868
14,1.0999999991373255
2,1.0999999972284915
3,1.0999959493179228
4,1.0999113188917622
5,1.0617689451509216
6,1.0617736213133775
7,1.0864823745951804
8,1.1000000106117451
9,1.0995326261845222
