ind,vm
1,1.099999905875366
10,1.0999989849444696
11,1.099191986585275
12,1.0999995615992972
13,1.0998544712055862
14,1.0999955861302109
2,1.0989625680437873
3,1.0967729054907414
4,1.0967615428281707
5,1.0000004072548798
6,1.0000003871563734
7,1.0918086410133745
8,1.1000000049074032
9,1.0997209278813533
