ind,vm
1,1.0999876784170273
10,1.0987266463562853
11,1.0969867377620082
12,1.0999999493623387
13,1.099502544848504
14,1.0999989766114442
2,1.099819607283173
3,1.0999905270134203
4,1.099897642757649
5,1.0000001087472727
6,1.0000001190909082
7,1.0758779499621867
8,1.1000000106490837
9,1.0987335749762908
