ind,vm
1,1.0988236590288167
10,1.0916890562787054
11,1.0975419859192799
12,1.0999999649904817
13,1.098514963490106
14,1.099999976586087
2,1.0999999424239824
3,1.0994613225224164
4,1.0994161097857635
5,1.0583400720617198
6,1.0583471294120261
7,1.0858596568021668
8,1.1000000050820629
9,1.0916960296622162
