ind,vm
1,1.0999998160286182
10,1.1000000101604297
11,1.0979594284559124
12,1.0999999975141457
13,1.099750838020183
14,1.0999995001182488
2,1.0995436218092018
3,1.0999992926754354
4,1.0998824635411926
5,1.0018243569016012
6,1.0018239938234255
7,1.0758776537102988
8,1.1000000109636687
9,1.0977960289512072
