ind,vm
1,1.097737676707866
10,1.100000006693344
11,1.0997605350143096
12,1.0999993226068971
13,1.0981082463968836
14,1.0999999985203681
2,1.1000000000178933
3,1.0999354062456776
4,1.0998688523446074
5,1.0074053919711004
6,1.007406275097147
7,1.0880825157137242
8,1.1000000081631687
9,1.0959278411021476
