ind,vm
1,1.0999998614437616
10,1.0999969947240562
11,1.0986537743957852
12,1.0999995335251713
13,1.0998406309154196
14,1.099986900242782
2,1.0985007148135928
3,1.0156691252652736
4,1.0156711125424323
5,1.0291392437126579
6,1.0291436979836723
7,1.0967592358784157
8,1.0999998932738337
9,1.0997170883592322
