ind,vm
1,1.0980064909177276
10,1.0999999885195821
11,1.099801449429176
12,1.0999973126898654
13,1.0983756550728516
14,1.099999980907275
2,1.0999999858567207
3,1.0745263054599856
4,1.074522667147042
5,1.0185101677960915
6,1.0185121407673214
7,1.0869117546886582
8,1.1000000084823875
9,1.0980941142413356
