ind,vm
1,1.0991051841186115
10,1.097107287689475
11,1.0972879466427643
12,1.0999999954414261
13,1.0986246348379027
14,1.0999999937229445
2,1.0999999600816657
3,1.0997260369658242
4,1.0996907637457172
5,1.0645747082245522
6,1.0645793718460432
7,1.0855048509490641
8,1.1000000092271398
9,1.097114226634577
