ind,vm
1,1.0999999491728336
10,1.0999771473613147
11,1.0998222534471433
12,1.0999880225926764
13,1.0980630230794697
14,1.098072526281265
2,1.0986407469718205
3,1.0681683000283966
4,1.0681650137813403
5,1.0000521200820058
6,1.0000522213579535
7,1.0940099900827285
8,1.0999999995323309
9,1.0999071195147354
