ind,vm
1,1.0999998743175194
10,1.003624614117019
11,1.099646897020175
12,1.0999975808192424
13,1.0998835189587064
14,1.0999275436019709
2,1.0990857147986484
3,1.082112106813189
4,1.0821070908392907
5,1.0003199036737158
6,1.0003196044946545
7,1.0961176906281314
8,1.0999999834348915
9,1.0036242220001657
