ind,vm
1,1.0977379810221644
10,1.0999999912145693
11,1.097341752699949
12,1.099999993605483
13,1.0974968218492296
14,1.0999999887705187
2,1.0999999776953282
3,1.0999852494533457
4,1.0999078210299285
5,1.0344608860309201
6,1.0344656842708617
7,1.0950631873722534
8,1.1000000034922865
9,1.0987284338459211
