ind,vm
1,1.0998643283038732
10,1.099613487429807
11,1.0969865628492736
12,1.0999999916013399
13,1.0994079989541896
14,1.0999997676640143
2,1.0999064258989741
3,1.099998361156692
4,1.0998733415785817
5,1.0000259018836792
6,1.0000257711362677
7,1.0758779501981905
8,1.1000000108807972
9,1.099620410461343
