ind,vm
1,1.0977377037657272
10,1.1000000053384553
11,1.0997277631207836
12,1.0999994827561077
13,1.0981528230107847
14,1.0999999954414312
2,1.099999997949457
3,1.0412908686004776
4,1.0412889293048198
5,1.0661739437793607
6,1.06617860016914
7,1.0890376575019571
8,1.1000000076341807
9,1.096421903350075
