ind,vm
1,1.099999130214157
10,1.0143516182586694
11,1.0997987922982886
12,1.099958407336297
13,1.099860858493435
14,1.099939481516771
2,1.0993790731891844
3,1.0157909394672076
4,1.0157889515793401
5,1.0007888953011352
6,1.0007882121958613
7,1.0961536081880285
8,1.0999999276407277
9,1.0143504876004918
