ind,vm
1,1.0977379983296927
10,1.1000000019921503
11,1.0972171531946429
12,1.0999999933905917
13,1.0976031889383375
14,1.0999999853035267
2,1.099999976399621
3,1.0999732458255305
4,1.0999113818757071
5,1.0344809632825902
6,1.0344857613039993
7,1.090261060904817
8,1.1000000089524848
9,1.0980835048624555
