ind,vm
1,1.0999999577623631
10,1.0999999560409155
11,1.098652114225086
12,1.0999999538386012
13,1.0999046137758501
14,1.09999604456675
2,1.0991213562643183
3,1.0662152710458739
4,1.0662133773652405
5,1.0808533558483326
6,1.0808579486114207
7,1.0908273591402933
8,1.100000009244145
9,1.0992818395105342
