ind,vm
1,1.0999998014069448
10,1.0994332608782942
11,1.099642022532672
12,1.0999927081019516
13,1.03009024624999
14,1.0300884424320795
2,1.098725677842754
3,1.0159297432145786
4,1.0159317296003503
5,1.000450694524954
6,1.0004501797165264
7,1.0947962046332804
8,1.0999999657893313
9,1.0994047786685228
