ind,vm
1,1.099999269501773
10,1.0999999898200699
11,1.0968556858532743
12,1.0999999367710704
13,1.0998312829913912
14,1.0999889022270073
2,1.0993284215263646
3,1.099433590970217
4,1.099389339704903
5,1.030150266341007
6,1.0301548589566987
7,1.0861093672832192
8,1.1000000048605976
9,1.0970682242595
