ind,vm
1,1.0999997585121857
10,1.099967881478825
11,1.099700164569215
12,1.0999891835706845
13,1.0998294834252471
14,1.0998923245348031
2,1.098844834873967
3,1.0160919718273655
4,1.0160939578094783
5,1.000223046675967
6,1.0002226887740038
7,1.093506853627522
8,1.0999999821157682
9,1.0998720981464722
