ind,vm
1,1.0980196100765636
10,1.0995674123894164
11,1.0969071959903043
12,1.1000000055880217
13,1.0982163007448094
14,1.0999999926795474
2,1.0999999923267756
3,1.099997871652131
4,1.0998869489178857
5,1.0092794051166911
6,1.00928074515601
7,1.0838293305549984
8,1.1000000107490147
9,1.0995743358073085
