ind,vm
1,1.0999981172109057
10,1.1000000041261002
11,1.0979593514782768
12,1.0999998983212727
13,1.099728543673899
14,1.0999963682875464
2,1.0995787218561353
3,1.0999937973877378
4,1.0998794201981767
5,1.0006559650054054
6,1.0006552110682163
7,1.0758776534447336
8,1.1000000107029684
9,1.0977960229051194
