ind,vm
1,1.0977376692940053
10,1.1000000056740087
11,1.099725976280166
12,1.0999985180679381
13,1.0981823456270723
14,1.099999975078635
2,1.099999981808308
3,1.099966381938198
4,1.0998852422169534
5,1.0904289836667187
6,1.090445367117426
7,1.0758776528304115
8,1.1000000100991516
9,1.0942077640636048
