ind,vm
1,1.0977373420891352
10,1.1000000091579065
11,1.0994488927969641
12,1.099999941750766
13,1.0977328474436852
14,1.1000000089604784
2,1.100000008455917
3,1.0999942587157752
4,1.0998487080028405
5,1.0380779396793554
6,1.038080909683826
7,1.0758776532159016
8,1.10000001047677
9,1.0942077675611068
