ind,vm
1,1.0999999614894507
10,1.0999996629776714
11,1.0988236653295327
12,1.0999999344532114
13,1.0997344649895344
14,1.0999995627031467
2,1.0990957821514535
3,1.0928386962478467
4,1.0928340271619856
5,1.0826358456904044
6,1.0826404304014965
7,1.0965946004942215
8,1.0999999979666977
9,1.0997127090168135
