ind,vm
1,1.0723430016119433
10,1.0999359436447445
11,1.0996469059136669
12,1.0999975897951089
13,1.0996610984297863
14,1.0999992498960174
2,1.0723455733234335
3,1.0753776175134655
4,1.0753737428982257
5,1.0004338382285458
6,1.0004341272568362
7,1.0950275309803064
8,1.099999994277363
9,1.0998914969293159
