ind,vm
1,1.0999996929779225
10,1.099995873232033
11,1.0995844611705947
12,1.0999982870696647
13,1.0998486379386887
14,1.0999958673563202
2,1.0994040828760128
3,1.0920589751060197
4,1.0920518189360813
5,1.044614133629354
6,1.0446178385643083
7,1.0911293120250927
8,1.1000000058272676
9,1.099855442887418
