ind,vm
1,1.0999999352406304
10,1.0999988423798615
11,1.0993111095443548
12,1.0999993914161241
13,1.0998857395910873
14,1.0999916018989422
2,1.0987763703858946
3,1.0895290181919814
4,1.089522832954205
5,1.0000182429818478
6,1.0000181822791712
7,1.0925313859605696
8,1.1000000036497217
9,1.0997380918457778
