ind,vm
1,1.0977380985113092
10,1.0995470318027267
11,1.09693288480787
12,1.099999998450311
13,1.0984286452749392
14,1.0999999805110332
2,1.099999992409456
3,1.0999975171509275
4,1.099893038426655
5,1.0000673291753621
6,1.0000674738907576
7,1.0852337275595156
8,1.10000001069062
9,1.0995539553336364
