ind,vm
1,1.0977373537004167
10,1.1000000088853719
11,1.0997330995184376
12,1.09999960600121
13,1.0980368899272204
14,1.100000008772861
2,1.1000000088903308
3,1.0999884326289986
4,1.0998642004873578
5,1.000667918189894
6,1.0006680410973183
7,1.0800878710518151
8,1.1000000100194003
9,1.0943814497015114
