ind,vm
1,1.0991996745115202
10,1.1000000055422032
11,1.0973706659157023
12,1.0999999907587128
13,1.0985400290570981
14,1.0999999809719587
2,1.099999886021986
3,1.0858090269260408
4,1.0858071673874725
5,1.0379097212198272
6,1.0379128111556062
7,1.0952242404565418
8,1.1000000083442973
9,1.0975520382386585
