ind,vm
1,1.099574157490217
10,1.100000010616926
11,1.0967157255468887
12,1.0999999966234382
13,1.0991323532313626
14,1.0999999010701333
2,1.0999994264668926
3,1.0999982011711207
4,1.0998854452193725
5,1.00000273429767
6,1.0000027108589808
7,1.0758776536453734
8,1.1000000108999328
9,1.0942077690262253
