ind,vm
1,1.0999999171334605
10,1.0999989349914268
11,1.099308361643626
12,1.0999993963651347
13,1.099874755435666
14,1.0999939926317823
2,1.0989010242249087
3,1.0970359724729335
4,1.097024397169676
5,1.0000004561576674
6,1.0000004521628898
7,1.092106198165197
8,1.1000000044315759
9,1.0997273051336416
