ind,vm
1,1.0999999264251732
10,1.0999988652828843
11,1.099326473838938
12,1.0999993626101454
13,1.0998808459141909
14,1.0999925230353622
2,1.0988422091369796
3,1.0511584977095159
4,1.0511561356896837
5,1.0000431454161829
6,1.0000430540760759
7,1.0927007385783152
8,1.1000000033178094
9,1.099735555147357
