ind,vm
1,1.0999997471109615
10,1.0999999443054866
11,1.0983015902428517
12,1.0999999026150595
13,1.099821504930745
14,1.0999969079804806
2,1.0993234563520524
3,1.0985830531494456
4,1.098565190547773
5,1.058165444272203
6,1.0581701322094972
7,1.090995279537657
8,1.1000000056020214
9,1.0988670724129954
