ind,vm
1,1.099999905959494
10,1.0999982305244291
11,1.0996119740421453
12,1.0999980277011374
13,1.0998768245047752
14,1.0999931736374604
2,1.0989622112394173
3,1.0895598025897413
4,1.089553566776323
5,1.0000485903063119
6,1.0000484931456424
7,1.0930722889836249
8,1.1000000024380518
9,1.099786439126029
