ind,vm
1,1.099649537918754
10,1.1000000099102591
11,1.0975013650150764
12,1.0999999299644034
13,1.099241435695258
14,1.0999995794345896
2,1.0999973641978273
3,1.0999964588094384
4,1.0998576629929244
5,1.000010261886594
6,1.0000101588233734
7,1.0758776534050407
8,1.10000001066399
9,1.0942077683160538
