ind,vm
1,1.0999997720377441
10,1.0999999958852698
11,1.098234405130884
12,1.0999999127066378
13,1.0998481564217246
14,1.0999955470509903
2,1.0992869032629946
3,1.0999865579543633
4,1.0998951013202296
5,1.0314286271567663
6,1.031431475617325
7,1.0758776532479164
8,1.1000000105085865
9,1.0976883527202057
