ind,vm
1,1.0999998032400038
10,1.0999999802172156
11,1.098234415419283
12,1.0999999186133567
13,1.0998488511135773
14,1.0999958471046927
2,1.0992625613285798
3,1.0516980092653936
4,1.0516960893638638
5,1.038952785495658
6,1.0389559486218232
7,1.0758776531488587
8,1.1000000104067853
9,1.09842277110134
