ind,vm
1,1.097737656855315
10,1.0999999949555743
11,1.0997267118727907
12,1.0999984317281928
13,1.0981520738673693
14,1.0999999659147341
2,1.0999999731715067
3,1.017485786428422
4,1.01748776880685
5,1.0371167398586925
6,1.0371215265084566
7,1.0888975387118944
8,1.1000000012729838
9,1.096343824558385
