ind,vm
1,1.0999995922513008
10,1.1000000080650363
11,1.0979604747201872
12,1.0999999384642645
13,1.0997989319150163
14,1.0999976020671618
2,1.0994618841108261
3,1.099997509146726
4,1.0998824451822942
5,1.0602012999421513
6,1.0601966212724494
7,1.075877653549556
8,1.100000010805821
9,1.0949601911868425
