ind,vm
1,1.0977373384782405
10,1.1000000051714036
11,1.0997323014202347
12,1.0999988081139054
13,1.0980364984190256
14,1.100000004395463
2,1.1000000047456855
3,1.0999798566584178
4,1.0998303367983688
5,1.0008001311938899
6,1.0008003434810069
7,1.0778509392867965
8,1.1000000086732784
9,1.0943814459623473
