ind,vm
1,1.0999999325608911
10,1.0967225018705518
11,1.0996468957024814
12,1.0999975794944112
13,1.008180359855575
14,1.0081798428151654
2,1.0987902573635129
3,1.0795891891835705
4,1.079584827278416
5,1.0009428717210027
6,1.000942437470843
7,1.0962561282225751
8,1.0999999813710255
9,1.0967294122155635
