ind,vm
1,1.0999999656198642
10,1.0999919725100116
11,1.0993433044654057
12,1.0999997639618782
13,1.0996979462850514
14,1.0999996669690895
2,1.0990591292224017
3,1.0920915924073327
4,1.0920871753045334
5,1.0828164784200833
6,1.082811896580547
7,1.0962167571550556
8,1.1000000004648687
9,1.0999288761596655
