ind,vm
1,1.0999996649455466
10,1.0999995667126632
11,1.0992272080096128
12,1.0999998328823848
13,1.0998405217642977
14,1.0999987313071955
2,1.0996550149684885
3,1.0978395657217548
4,1.0978310989174838
5,1.0463069907250613
6,1.0463091605597081
7,1.0912602992284706
8,1.1000000090626012
9,1.0997452348538637
