ind,vm
1,1.0992402064028635
10,1.100000009803306
11,1.0971290662012123
12,1.099999959458418
13,1.098958201972992
14,1.0999997898354597
2,1.0999994809350724
3,1.0999971095538323
4,1.099861195827187
5,1.0000011669868099
6,1.0000011378161706
7,1.0758776534440784
8,1.1000000107023251
9,1.0942077682085742
