ind,vm
1,1.0992905439348781
10,1.1000000058695711
11,1.0971382111087886
12,1.100000006083365
13,1.0986105029896076
14,1.1000000046343035
2,1.0999999805244354
3,1.0999900110736194
4,1.0999328627487002
5,1.0982179726830759
6,1.0982414727264787
7,1.0924781109556636
8,1.1000000100054956
9,1.0985318285685177
