ind,vm
1,1.0999998891101
10,1.0027271362294998
11,1.099827927529736
12,1.0999875381499453
13,1.0998707936219363
14,1.0999117825356197
2,1.0990319110316888
3,1.0807128462782456
4,1.0807083487014129
5,1.0015718812324943
6,1.0015713188469568
7,1.0958857907133286
8,1.099999986479689
9,1.002727417919796
