ind,vm
1,1.0999999032341883
10,1.0999982486677824
11,1.0996024682016574
12,1.0999979780936966
13,1.099877365786956
14,1.099992448365819
2,1.0989378262384664
3,1.0372382176511075
4,1.0372401635840665
5,1.0000231705098042
6,1.0000231010332246
7,1.0927040407993232
8,1.1000000027069783
9,1.0997775097509026
