ind,vm
1,1.0999999253381925
10,1.0946014958042813
11,1.0996467101037963
12,1.099997393965099
13,1.0069376297441324
14,1.0069371366527047
2,1.098799341823329
3,1.0363839423528771
4,1.0363858903394474
5,1.0055587520777374
6,1.0055576534527766
7,1.096335703241054
8,1.0999999777099414
9,1.0946070422294067
