ind,vm
1,1.0999997399796806
10,1.0999976131986657
11,1.0993370433453338
12,1.0999980137460523
13,1.0997959436402203
14,1.099993146856634
2,1.0988907907703185
3,1.0160783302704837
4,1.0160763428915793
5,1.0325137601762897
6,1.0325185454512695
7,1.096427459270808
8,1.099999914256155
9,1.0996842620547933
