ind,vm
1,1.0999999424892775
10,1.0999999793642148
11,1.0983665608666684
12,1.0999999716265187
13,1.0998753877497762
14,1.099997853215195
2,1.0992257515467039
3,1.0994902221756246
4,1.0994736334063298
5,1.0816135736749881
6,1.081618162860717
7,1.0883047679295097
8,1.1000000099303262
9,1.0990566724367112
