ind,vm
1,1.0997432884412626
10,1.099561777829688
11,1.0966319720424533
12,1.0999999973934609
13,1.0992630550557672
14,1.0999998562653202
2,1.099998351547325
3,1.0999975304485121
4,1.0998940717194083
5,1.0000735562110177
6,1.0000734366384512
7,1.0845327375686342
8,1.100000010725498
9,1.0995687011175934
