ind,vm
1,1.0999998743186008
10,1.09999690380944
11,1.0993383795433422
12,1.099998005534308
13,1.0998219245391152
14,1.0998825755187482
2,1.0984261798147976
3,1.072927229088476
4,1.0729210228311006
5,1.0000004504458413
6,1.0000004339046453
7,1.0923627880915965
8,1.0999999902165156
9,1.099720666472387
