ind,vm
1,1.0998556954005996
10,1.097008634506348
11,1.0970144611738026
12,1.09999997883155
13,1.0994124495761535
14,1.0999997630987206
2,1.0999940517861533
3,1.0999707698055063
4,1.0998971980151562
5,1.000098966147864
6,1.000098827681694
7,1.0801428536566342
8,1.1000000102393923
9,1.097015574074755
