ind,vm
1,1.0993678052973412
10,1.1000000100676721
11,1.0966321309409395
12,1.0999999976574648
13,1.099152306310898
14,1.0999998951955505
2,1.0999997448122263
3,1.099998596024543
4,1.0998641505849618
5,1.0000044257772682
6,1.0000043261108256
7,1.075877653625142
8,1.1000000108800652
9,1.0964502671257537
