ind,vm
1,1.0977380136004165
10,1.1000000056721413
11,1.0972405821755213
12,1.100000005337442
13,1.097553497567889
14,1.1000000028061103
2,1.0999999991486076
3,1.0859303799694553
4,1.0859285206548848
5,1.0629745617972857
6,1.0629791710926924
7,1.0926046557488
8,1.1000000098424632
9,1.098572354204065
