ind,vm
1,1.0975146538918696
10,1.0984365302152317
11,1.0958192924593455
12,1.0984510336096895
13,1.0968893319873672
14,1.0983703645943037
2,1.0982504484745719
3,1.0013437500178275
4,1.0013417963636124
5,1.0013575995933324
6,1.0013625568917854
7,1.0937523509197355
8,1.0985308921714045
9,1.095986410895069
