ind,vm
1,1.099999676370775
10,1.0999980223029164
11,1.0994077881205848
12,1.0999991064290484
13,1.099837019297144
14,1.09999620844611
2,1.0993973484906565
3,1.0972513518192804
4,1.097238536522522
5,1.0568660580688107
6,1.0568707531454675
7,1.0902047604521317
8,1.100000006451687
9,1.0997900219553403
