ind,vm
1,1.0989093626440554
10,1.0917613503507404
11,1.097334201013573
12,1.09999997226542
13,1.0986139508506483
14,1.0999999700646308
2,1.0999999291045544
3,1.0994873635370848
4,1.099441637416064
5,1.0797928449155478
6,1.079804094219412
7,1.0839940145670521
8,1.1000000064193654
9,1.0917683232736746
