ind,vm
1,1.0991885121839098
10,1.0999999957981326
11,1.0971382014143907
12,1.0999999964137746
13,1.098668076198351
14,1.099999990309599
2,1.0999999414877295
3,1.0999330071948148
4,1.099888300855082
5,1.0977383061034833
6,1.097773610257002
7,1.0924781089906077
8,1.1000000080532575
9,1.0985318184837807
