ind,vm
1,1.0991992256149516
10,1.1000000106289338
11,1.097161729508421
12,1.099999991486901
13,1.0989203179101885
14,1.0999999420198736
2,1.099999851350096
3,1.0999988936848921
4,1.0998517510626022
5,1.000011037723046
6,1.0000110855692825
7,1.0758776536454693
8,1.1000000109000272
9,1.094207769038292
