ind,vm
1,1.097838186027458
10,1.0998395090683935
11,1.0966933052338508
12,1.1000000091191795
13,1.0982237521757416
14,1.1000000041294515
2,1.1000000051658607
3,1.099999243924191
4,1.0998886822452547
5,1.0349276405805146
6,1.034929327530891
7,1.0893945321063068
8,1.1000000107968342
9,1.0998464307728832
