ind,vm
1,1.0999997969186228
10,1.0999972640184257
11,1.0992188900980433
12,1.099998578933344
13,1.0998658316599534
14,1.0999702434027965
2,1.0987448743283104
3,1.0985992368888402
4,1.0985696580080906
5,1.0001043111415795
6,1.0001040578100004
7,1.091684898161491
8,1.0999999934729114
9,1.0997038570504136
