ind,vm
1,1.099431138525282
10,1.0999999985888378
11,1.0974677801070225
12,1.099999880521462
13,1.0988178988303883
14,1.0999998450419073
2,1.0999990988431012
3,1.0999991051603855
4,1.0997927527573086
5,1.0002128274987887
6,1.000213173442575
7,1.07587765344529
8,1.1000000107035148
9,1.0966400398217295
