ind,vm
1,1.0999992907431266
10,1.0980169844735996
11,1.0997988171836794
12,1.0999584322495601
13,1.0998386298465406
14,1.0999045789897492
2,1.099313552170954
3,1.015751962884008
4,1.015749974603759
5,1.000942915098492
6,1.0009421689859188
7,1.0964474711770884
8,1.0999999131824487
9,1.0980016644944612
