ind,vm
1,1.099999826838879
10,1.099997091309747
11,1.099275523018964
12,1.099998343065841
13,1.099866866946686
14,1.0999591209747852
2,1.098645772857128
3,1.0971395187587458
4,1.0971187687315727
5,1.0000049414881342
6,1.0000048883212882
7,1.0918123654011065
8,1.0999999929137245
9,1.0997123197755574
