ind,vm
1,1.0999999234725257
10,1.081490649568565
11,1.0996484496043297
12,1.0999991328371184
13,1.0999141995915673
14,1.0999948030237803
2,1.0993126305895762
3,1.0935434440015008
4,1.093538536963363
5,1.0006241111155803
6,1.0006238985914284
7,1.0960112052297781
8,1.1000000015250633
9,1.081492292645188
