ind,vm
1,1.0999999426330926
10,1.0997486341294802
11,1.0996468971105609
12,1.0999975809101459
13,1.0589964841593373
14,1.0589947277921823
2,1.0987046758057808
3,1.0795521968575037
4,1.0795478676702979
5,1.0001207519829756
6,1.0001205973558067
7,1.0950928499795072
8,1.099999993836119
9,1.0997240400158816
