ind,vm
1,1.0998556361710181
10,1.1000000098742746
11,1.0976096830786435
12,1.0999999837615875
13,1.0995229527440844
14,1.099998879890891
2,1.0999518264970054
3,1.0996582343562196
4,1.099636708831571
5,1.0033424518550234
6,1.0033410535657927
7,1.0861782042195123
8,1.100000009927993
9,1.094207768279892
