ind,vm
1,1.099999620045275
10,1.0999970792132625
11,1.0988144325269233
12,1.0999993941315787
13,1.0997506470203966
14,1.0999956473941734
2,1.0990791789016061
3,1.0156524792265884
4,1.0156544663882965
5,1.0327152091744807
6,1.0327200058099848
7,1.0966245949010502
8,1.0999999025237714
9,1.0997131189272475
