ind,vm
1,1.099999837059071
10,1.0999733401979814
11,1.0992949732833528
12,1.0999982484007254
13,1.0997839888346497
14,1.0999940212901989
2,1.0986210484739254
3,1.0157158496397034
4,1.0157178360911776
5,1.0003573621724158
6,1.0003578502811892
7,1.0969806629282524
8,1.0999998749934117
9,1.0998702120136095
