ind,vm
1,1.0722194568497028
10,1.0996202258730603
11,1.0996468983202703
12,1.0999975821271768
13,1.0997401329099292
14,1.0999987003536766
2,1.0722168837559929
3,1.0847453716234188
4,1.0847402423533092
5,1.0002384973288911
6,1.000238712227386
7,1.0956524684837026
8,1.0999999890758259
9,1.0996000254271745
