ind,vm
1,1.0999998751918516
10,1.0999546356675955
11,1.0992779908972028
12,1.0999994473282322
13,1.0998367418373327
14,1.099996513236008
2,1.099089865415892
3,1.0805986337623015
4,1.0805941311674694
5,1.0595925151076908
6,1.0595971979199328
7,1.0965078976574352
8,1.0999999768605455
9,1.099903859153151
