ind,vm
1,1.0999993453600367
10,1.0999989255547697
11,1.0986410477261614
12,1.0999995424952058
13,1.0998458857284725
14,1.099985416762359
2,1.0992900905190115
3,1.0163710102635306
4,1.0163729956752265
5,1.0293825027015047
6,1.0293873181603355
7,1.0926254936662005
8,1.0999999886317933
9,1.0995347383635803
