ind,vm
1,1.099999617284587
10,1.099999544291533
11,1.0987754280591373
12,1.099999816326873
13,1.0998344375364069
14,1.0999966147524813
2,1.0994636922049004
3,1.0908073743797717
4,1.0908007166313045
5,1.0588749649046902
6,1.058879650998365
7,1.09145920909536
8,1.1000000054149113
9,1.099588568886273
