ind,vm
1,1.0999986007267224
10,1.0993731882472657
11,1.099646712269175
12,1.099997396142805
13,1.0998337592494476
14,1.0999963678511555
2,1.0997039036840124
3,1.0363041886539528
4,1.0363022401350663
5,1.0000068595854714
6,1.0000068974355139
7,1.0958493292020974
8,1.0999999850273765
9,1.0993567871062657
