ind,vm
1,1.0999999638996922
10,1.09964155911874
11,1.0993484428637246
12,1.0999993177959937
13,1.0997909610886434
14,1.0999979787215264
2,1.0984666422938654
3,1.0841592165527392
4,1.0841541648397552
5,1.0370969912369272
6,1.0370938554556663
7,1.0966806069379818
8,1.0999999731848928
9,1.0996208250397994
