ind,vm
1,1.099995803846366
10,1.099999024697644
11,1.0982796768495602
12,1.0999997197660374
13,1.0998181306344248
14,1.0999908781970782
2,1.0997115313997672
3,1.016292261770917
4,1.0162942474673684
5,1.0167510541295923
6,1.0167478162306312
7,1.0909143300274409
8,1.0999999962477671
9,1.0995129899632583
