ind,vm
1,1.0999997086636288
10,1.0998605162600514
11,1.0990497976408915
12,1.0999990471616838
13,1.099853381782269
14,1.0999826341495285
2,1.0989490254891048
3,1.0156421741977881
4,1.0156441608844657
5,1.0306755277456237
6,1.030680336819016
7,1.0967912770543709
8,1.0999998909088744
9,1.099806616650116
