ind,vm
1,1.0999998274861296
10,1.0999370308385374
11,1.0997965432250796
12,1.099962321492087
13,1.0918377243734334
14,1.091845534533684
2,1.0986411123444106
3,1.0160819869838462
4,1.0160839726561333
5,1.0000308037967631
6,1.0000306703259791
7,1.0937428738741726
8,1.0999999798647437
9,1.0998630910680336
