ind,vm
1,1.0994381024037074
10,1.0999999294136715
11,1.097186183148435
12,1.0999999773760545
13,1.0987524904469346
14,1.0999999628071226
2,1.0999997139804047
3,1.0419306733562277
4,1.0419287353728985
5,1.0016819271012278
6,1.0016824948802108
7,1.0895875981411067
8,1.100000007407619
9,1.0990141697317226
