ind,vm
1,1.0999997592238122
10,1.081179274715819
11,1.099796319776151
12,1.0999620914979777
13,1.0985302999554978
14,1.0985491574994781
2,1.0988389860013796
3,1.0157601810154353
4,1.0157581927994161
5,1.0014299443580015
6,1.001429024488295
7,1.0964462629623246
8,1.0999999133048841
9,1.08118398051344
