ind,vm
1,1.099214322457643
10,1.1000000106187382
11,1.0971290958927302
12,1.0999999936467206
13,1.098951407385242
14,1.0999999375162923
2,1.0999998442045082
3,1.0999988707073185
4,1.0998642745260507
5,1.0000009024179204
6,1.0000009133581567
7,1.0758776536452714
8,1.1000000108998327
9,1.0942077690280463
