ind,vm
1,1.0998144796399218
10,1.0999999409221835
11,1.09680655109967
12,1.0999999290946785
13,1.0995261053654088
14,1.0999988666897706
2,1.0997587452051423
3,1.0999922911059339
4,1.099890086151149
5,1.0000031150604676
6,1.0000031805085399
7,1.0782960800697179
8,1.1000000104678187
9,1.0985394902295578
