ind,vm
1,1.0977380568133335
10,1.0995508415244855
11,1.0972114930991401
12,1.1000000035393807
13,1.0976554635466358
14,1.099999999757719
2,1.0999999960412863
3,1.0999969743181244
4,1.0999020080373325
5,1.0046766496762234
6,1.0046775995099373
7,1.0872953174927762
8,1.1000000105938343
9,1.0995577649439403
