ind,vm
1,1.097738019038479
10,1.1000000077185166
11,1.0972282917531357
12,1.1000000052428636
13,1.0976062759959495
14,1.1000000024277627
2,1.0999999992362335
3,1.085862977780239
4,1.0858611183638007
5,1.0636769303865237
6,1.0636815976573875
7,1.093395959782435
8,1.1000000095468347
9,1.098164423436875
