ind,vm
1,1.099999859164342
10,1.1000000099411598
11,1.0979605232614638
12,1.0999999865274244
13,1.0998025943001977
14,1.0999991876802082
2,1.0994812433883896
3,1.0999963926283989
4,1.0999355395657284
5,1.0827648214553007
6,1.0827602422420874
7,1.0758776536723034
8,1.1000000109263444
9,1.0951156344422657
