ind,vm
1,1.0977380272661552
10,1.0986834006058808
11,1.0972114780352884
12,1.099999988509168
13,1.0976554629254023
14,1.0999999776129672
2,1.0999999669567369
3,1.0999853108541742
4,1.0999073482573951
5,1.024050662479546
6,1.0240545230997156
7,1.0872953166862196
8,1.1000000097957165
9,1.098690329491717
