ind,vm
1,1.0999874148530822
10,1.1000000105268006
11,1.0977000382652753
12,1.0999999648064334
13,1.0995438530211192
14,1.0999995964321698
2,1.099888725034303
3,1.099999580621569
4,1.0998082737669503
5,1.0000534831838668
6,1.000053585347771
7,1.0758776536452526
8,1.100000010899814
9,1.0942077689356566
