ind,vm
1,1.0999995654011738
10,1.0999996639178538
11,1.098643309836064
12,1.0999995568063188
13,1.0998656849650266
14,1.0999726722956635
2,1.099131522288358
3,1.0163822565326632
4,1.016384240502285
5,1.0294821163470589
6,1.029486932068221
7,1.0920841949185431
8,1.0999999916290772
9,1.099183501785373
