ind,vm
1,1.0999950303356711
10,1.1000000106225056
11,1.0977321592377858
12,1.099999982206627
13,1.0996057965894679
14,1.0999994542707114
2,1.0998436773057971
3,1.0999987676990215
4,1.0998558774245009
5,1.0000022791205523
6,1.0000022586350432
7,1.0758776536453745
8,1.1000000108999337
9,1.0942077690318324
