ind,vm
1,1.0980364945822942
10,1.0968553041425573
11,1.096906013073911
12,1.099999922049308
13,1.0994757386763754
14,1.099999081501505
2,1.0980184247285525
3,1.0999819515220797
4,1.0999223350989067
5,1.0049433363907836
6,1.004945029665789
7,1.0758776534439674
8,1.1000000107022345
9,1.096862244669617
