ind,vm
1,1.099155901116844
10,1.1000000086421753
11,1.0975317010392647
12,1.0999999644593297
13,1.0987679354636288
14,1.0999999597051222
2,1.0999998724647633
3,1.0999996582664415
4,1.0998044188874485
5,1.0000464970714056
6,1.000046590732365
7,1.0758776536454127
8,1.1000000108999715
9,1.0952474736294187
