ind,vm
1,1.0994635904032746
10,1.1000000098644767
11,1.0967156321332825
12,1.09999996897578
13,1.0990831895540465
14,1.0999997207713592
2,1.0999989265414674
3,1.0999950016964897
4,1.0998769822779628
5,1.0000767738077672
6,1.0000769807253655
7,1.0758776534441914
8,1.100000010702436
9,1.0942077682700457
