ind,vm
1,1.09999949218318
10,1.0999023233484753
11,1.0993057560776385
12,1.0999981923879634
13,1.0998348142364138
14,1.0999881896311092
2,1.0991966821132948
3,1.0156816096284027
4,1.015683596922294
5,1.030393459573096
6,1.0303982678499517
7,1.0965921028707601
8,1.0999999047228626
9,1.0998399973853368
