ind,vm
1,1.0999994062258194
10,1.0999996932378946
11,1.0983662788733959
12,1.099999688614267
13,1.0998656704091758
14,1.0999727450747148
2,1.099254446834874
3,1.099793841865073
4,1.0997244405975417
5,1.030476675740809
6,1.0304814837861873
7,1.0878559861161012
8,1.100000002905501
9,1.0991475653632854
