ind,vm
1,1.0999999260096087
10,1.0501702063117824
11,1.0996468954039944
12,1.0999975791944059
13,1.0166914052570117
14,1.0166906589466795
2,1.0988375221889373
3,1.0779069022811734
4,1.0779027583557501
5,1.0005911224845006
6,1.0005907581819573
7,1.095862004994298
8,1.0999999867795824
9,1.050171584210925
