ind,vm
1,1.0998353571836583
10,1.09999980263447
11,1.0997968775970708
12,1.0999825646618377
13,1.0993625785895644
14,1.0999993905449188
2,1.0999097648679521
3,1.09948731011558
4,1.0994407147549998
5,1.000285500435817
6,1.0002859012718404
7,1.0886209651627419
8,1.1000000017495786
9,1.0989498605579162
