ind,vm
1,1.099999877896185
10,1.0996878866780768
11,1.0994289419767043
12,1.0999973028569288
13,1.0998210949148166
14,1.099990537749342
2,1.098416878751159
3,1.0903599601201426
4,1.0903485471558048
5,1.009323612139737
6,1.009326075345916
7,1.096922645090624
8,1.0999998801090853
9,1.0996501072731157
