ind,vm
1,1.0999996226411397
10,1.09998889685216
11,1.0995865385562156
12,1.0999982693357986
13,1.0998248042295822
14,1.0999970103009609
2,1.099460317849935
3,1.0914562635111689
4,1.0914493171983093
5,1.0443828725925153
6,1.0443865533650372
7,1.0919864845307743
8,1.1000000046391911
9,1.0998997618484585
