ind,vm
1,1.0999999593431868
10,1.0999997742543595
11,1.0977283667338642
12,1.099999990679271
13,1.099830714464387
14,1.0999988818552018
2,1.0991096819323916
3,1.0707318711855718
4,1.0707299859639654
5,1.0000888218397104
6,1.0000887431953
7,1.0910938613525907
8,1.1000000091355548
9,1.099652125928463
