ind,vm
1,1.0994788839432543
10,1.099999988455267
11,1.0975811355691216
12,1.0999999638600344
13,1.0986539269152034
14,1.0999999124182165
2,1.0999991832271052
3,1.0997585458742676
4,1.0997330365714146
5,1.017626820597729
6,1.0176300852321811
7,1.0885898647869015
8,1.100000009625881
9,1.098234710528493
