ind,vm
1,1.0999999450886868
10,1.099959273800499
11,1.0996467169934059
12,1.0999974009035367
13,1.0849910367931987
14,1.0849876432622583
2,1.0986321687522926
3,1.0443525989432505
4,1.0443545319048166
5,1.0002708267886475
6,1.000270552884731
7,1.0940425643780132
8,1.0999999985250468
9,1.0999045124150129
