ind,vm
1,1.0999992543166928
10,1.1000000097054266
11,1.0982521079396446
12,1.099999923077426
13,1.0997368973665858
14,1.0999987355867036
2,1.099614242469376
3,1.09999912572219
4,1.09983336249654
5,1.0002266426717559
6,1.000226327783266
7,1.0758776535980743
8,1.1000000108534798
9,1.0942077681104407
