ind,vm
1,1.0999993299117365
10,1.0412007534885974
11,1.099806627685653
12,1.0999662415806586
13,1.0998303457956062
14,1.0998925529896963
2,1.0992940407865017
3,1.0051155391762594
4,1.0051144275724113
5,1.0001011808868978
6,1.000100937497058
7,1.0960501817804338
8,1.0999999319987102
9,1.0411986585322062
