ind,vm
1,1.0977380537013397
10,1.099999986000378
11,1.0971298604542852
12,1.0999999824250173
13,1.0979564430155109
14,1.0999999653996795
2,1.0999999648838028
3,1.0999783522824902
4,1.0999062424727324
5,1.0117354577124662
6,1.0117380779703502
7,1.0881168235057668
8,1.100000009391359
9,1.0986883734156199
