ind,vm
1,1.0999998479052857
10,1.0967793096539729
11,1.0993166156722833
12,1.0999993813177993
13,1.099648246618704
14,1.0999993179522836
2,1.0991825509014979
3,1.0722027435105737
4,1.0721991281528445
5,1.0075079316949818
6,1.0075067410941976
7,1.0956479226451956
8,1.09999998913442
9,1.0967862505684847
