ind,vm
1,1.097737689495052
10,1.1000000090021667
11,1.0997269679635577
12,1.099999509507536
13,1.0981824804686484
14,1.0999999987993432
2,1.1000000010823512
3,1.0999507529681536
4,1.0998910880816142
5,1.0939381868728855
6,1.0939503134769761
7,1.0758776532170597
8,1.100000010477343
9,1.094207767429896
