ind,vm
1,1.0999973876480897
10,1.0999856610438699
11,1.099530371397516
12,1.0999959557639742
13,1.0997829173034737
14,1.0999940427253188
2,1.0996394873618944
3,1.0527408851419948
4,1.0527366555481954
5,1.0298390794672863
6,1.029843892451145
7,1.0916925218759563
8,1.0999999934685012
9,1.0998515652478953
