ind,vm
1,1.09999991237054
10,1.0787279563284227
11,1.0996468967928315
12,1.099997580590613
13,1.099761596095845
14,1.0997896542010535
2,1.0989232135012448
3,1.0821063576645757
4,1.082101649610167
5,1.0002562037231355
6,1.0002559830966848
7,1.0962797162279743
8,1.09999998097687
9,1.0787304383543874
