ind,vm
1,1.0999998567506217
10,1.0999963925626666
11,1.0993755892790504
12,1.0999977546696915
13,1.0998562771092881
14,1.0999315109508025
2,1.0985184643600308
3,1.0567045237251096
4,1.0567001641091367
5,1.0000272534860466
6,1.0000271063392625
7,1.0924209225339285
8,1.0999999898407142
9,1.099740000760275
